year (AD) [1-1],d18O (permil) [1-1],d18O (permil) [1-1],d18O (permil) [1-1],d18O (permil) [1-1],year (AD) [1-2],d18O (permil) [1-2],d18O (permil) [1-2],year (AD) [1-3],d18O (permil) [1-3]
1993,-17.83,-21.58,-14.91,NA,1993.5,-21,NA,1950,-17.38
1992,-12.81,-12.18,-14.42,-13.06,1993.417,-23.63,NA,1850,-17.24
1991,-16.82,-16.77,-17.35,-17.21,1993.333,-22.29,NA,1750,-18.3
1990,-14.63,-14.94,-14.79,-15.45,1993.25,-20.69,-19.78,1650,-19.1
1989,-18.07,-17.58,-18.97,-18.15,1993.167,-22.47,-22.51,1550,-19.34
1988,-16.47,-16.64,-15.24,-16.49,1993.083,-21.95,-23.1,1450,-19.2
1987,-16.24,-16.25,-16.59,-16.08,1993,-18.9,-18.24,1350,-18.72
1986,-18.22,-18.69,-18.61,-18.8,1992.917,-15.5,-12.54,1250,-18.45
1985,-16.5,-14.85,-16.29,-15.01,1992.833,-11.88,-12.25,1150,-18.16
1984,-21.2,-21.05,-19.81,-21.47,1992.75,-10.17,-9.37,1050,-18.4
1983,-14.6,-14.89,-15.6,-14.54,1992.667,-11.62,-12.12,950,-18.31
1982,-16.78,-17.34,-17.51,-17.62,1992.583,-10.59,-10.02,850,-18.5
1981,-18.11,-17.06,-17.81,-17.43,1992.5,-9.61,-9.68,750,-18.71
1980,-15.37,-17.1,-15.1,-17,1992.417,-11.13,-14.52,650,-18.7
1979,-17.26,-18.23,-17.45,-17.17,1992.333,-15.85,-16.04,550,-18.45
1978,-16.14,-14.59,-15.97,-15.56,1992.25,-18.46,-17.1,450,-18.09
1977,-16.94,-18.71,-17.25,-18.01,1992.167,-13.42,-20.06,350,-18.2
1976,-19.91,-19.31,-19.56,-19.4,1992.083,-10.25,-15.03,250,-18.5
1975,-18.63,-19.85,-18.42,-19.49,1992,-10.91,-10.34,150,-18.44
1974,-18.52,-17.39,-19.22,-18.75,1991.917,-10.47,-12.01,50,-18.51
1973,-19.78,-19.52,-18.6,-17.91,1991.833,-12.89,-13.13,-50,-18.05
1972,-18.9,-19.88,-19.91,-20.58,1991.75,-16,-18.32,-150,-18.13
1971,-17.82,-18.72,-18.78,-19.99,1991.667,-14.74,-13.81,-250,-18.3
1970,-17.67,-16.11,-18.03,-16.23,1991.583,-11.29,-12.43,-350,-18.32
1969,-13.79,-15.58,-15.1,-17.25,1991.5,-15.1,-16.48,-450,-17.96
1968,-15.37,-15.08,-14.96,-14.94,1991.417,-22.24,-24.37,-550,-17.99
1967,-17.77,-17.53,-17.85,-17.42,1991.333,-25.2,-24.21,-650,-18.17
1966,-15.69,-15.73,-15.57,-15.95,1991.25,-20.25,-19.18,-750,-18.35
1965,-16.21,-15.18,-15.54,-14.42,1991.167,-16.6,-15.97,-850,-18.36
1964,-14.02,-15.64,-15.09,-15.65,1991.083,-15.93,-16.18,-950,-18.57
1963,-14.96,-14.59,-13.96,-15.05,1991,-15,-14.72,-1050,-18.53
1962,-18.55,-19.58,-18.87,-19.83,1990.917,-13.72,-15.25,-1150,-18.5
1961,-18.8,-17.14,-18.15,-17.13,1990.833,-14.92,-16.52,-1250,-18.52
1960,-16.91,-17.21,-17.26,-17.53,1990.75,-18.15,-18.86,-1350,-18.31
1959,-16.82,-16.56,-17.26,-16.19,1990.667,-17.56,-15.71,-1450,-18.29
1958,-17.49,-18.87,-17.23,-18.72,1990.583,-10.49,-9.51,-1550,-18.18
1957,-15.08,-14.78,-15.56,-14.99,1990.5,-10.65,-10.57,-1650,-18.22
1956,-14.38,-14.82,-14.93,-15.38,1990.417,-10.7,-11.52,-1750,-18.41
1955,-19.75,-18.04,-17.97,-17.31,1990.333,-17.23,-17.34,-1850,-18.36
1954,-18.56,-19.49,-19.58,-19.62,1990.25,-16.06,-16.18,-1950,-18.37
1953,-18.55,-17.29,-18.79,-17.26,1990.167,-14.44,-14.74,-2050,-18.26
1952,-18.19,-19.9,-19.57,-20.08,1990.083,-17.64,-18.16,-2150,-18.13
1951,-18.86,-17.44,-18.07,-17.84,1990,-19.09,-17.89,-2250,-18.21
1950,-19.76,-19,-20.06,-19.05,1989.917,-16.3,-16.54,-2350,-18.54
1949,-19.08,-19.78,-19.14,-19.98,1989.833,-14.87,-15.44,-2450,-18.35
1948,-15.93,-17,-16.31,-17.45,1989.75,-13.89,-14.22,-2550,-18.06
1947,-15.94,-15.99,-14.92,-15.23,1989.667,-12.42,-12.55,-2650,-18.25
1946,-14.73,-14.82,-14.93,-14.51,1989.583,-11.25,-10.29,-2750,-17.92
1945,-18.41,-17.2,-18.89,-17.36,1989.5,-13.77,-14.38,-2850,-18.02
1944,-16.94,-18.77,-17.18,-19.08,1989.417,-23.49,-23.33,-2950,-17.9
1943,-17.31,-16.03,-18.03,-16.47,1989.333,-24.28,-24.64,-3050,-18.01
1942,-19.17,-20.78,-18.21,-18.36,1989.25,-21.55,-23.17,-3150,-18
1941,-15.76,-15.74,-16.15,-17.78,1989.167,-19.49,-21.39,-3250,-18.06
1940,-17.18,-15.26,-17.27,-16.33,1989.083,-19.03,-19.17,-3350,-17.81
1939,-15.75,-16.19,-16.78,-16.62,1989,-19.02,-20.36,-3450,-17.7
1938,-17.23,-17.78,-17.58,-17.8,1988.917,-21.45,-21.43,-3550,-17.87
1937,-15.5,-15.88,-15.98,-16.13,1988.833,-16.58,-18.67,-3650,-18.09
1936,-15.71,-15.8,-16.72,-17.37,1988.75,-14.62,-16.21,-3750,-17.87
1935,-14.86,-13.54,-15.16,-14.03,1988.667,-13.42,-12.83,-3850,-17.47
1934,-16.15,-16.8,-16.89,-17.58,1988.583,-11.44,-10.9,-3950,-17.26
1933,-19.24,-18.95,-19.6,-18.65,1988.5,-11.8,-11.72,-4050,-17.6
1932,-20.3,-17.95,-19.88,-18.78,1988.417,-21.1,-19,-4150,-17.56
1931,-16.32,-18.27,-16.55,-17.01,1988.333,-21.5,-21.3,-4250,-17.73
1930,-18.67,-16.92,-18.95,-17.97,1988.25,-20.84,-19.21,-4350,-17.71
1929,-17.04,-18.86,-17.98,-18.55,1988.167,-18.79,-15.9,-4450,-17.53
1928,-14.65,-15.73,-14.74,-16.77,1988.083,-15,-14.58,-4550,-17.52
1927,-15.38,-15.28,-19.38,-18.85,1988,-17.21,-17.76,-4650,-17.3
1926,-17.48,-17.48,-17.7,-18.38,1987.917,-18.19,-17.5,-4750,-17.21
1925,-16.64,-16.26,-18.25,-17.5,1987.833,-15.91,-15.98,-4850,-16.94
1924,-17.99,-17.13,-19.72,-18.55,1987.75,-15.54,-14.79,-4950,-16.99
1923,-16.58,-16.84,-15.6,-16.13,1987.667,-12.78,-13.3,-5050,-17.18
1922,-21.28,-19.64,-19.54,-19.97,1987.583,-10.41,-10.34,-5150,-17.03
1921,-18.33,-17.75,-16.77,-17.92,1987.5,-12.08,-12.69,-5250,-16.85
1920,-18.02,-17.99,-19.09,-16.87,1987.417,-16.58,-15.63,-5350,-17.02
1919,-18.41,-20.48,-19.23,-20.24,1987.333,-18.63,-18.3,-5450,-17.08
1918,-17.57,-18.77,-20.23,-21,1987.25,-19.43,-19,-5550,-17.07
1917,-18.92,-17.87,-18.91,-17.68,1987.167,-19.24,-19.15,-5650,-16.96
1916,-17.07,-18.44,-17.66,-18.77,1987.083,-19.16,-18.87,-5750,-16.67
1915,-18.48,-18.18,-17.46,-17.29,1987,-18.33,-17.43,-5850,-16.61
1914,-15.79,-17.06,-17.54,-17.92,1986.917,-17.05,-17.18,-5950,-16.61
1913,-17.99,-17.16,-18.2,-17.76,1986.833,-16.37,-16.58,-6050,-16.68
1912,-17.59,-17.1,-16.24,-16.81,1986.75,-14.03,-14.46,-6150,-16.68
1911,-18.33,-18.96,-18.23,-17.8,1986.667,-13.89,-13.32,-6250,-16.77
1910,-18.41,-17.19,-18.27,-17.85,1986.583,-13.75,-14,-6350,-16.79
1909,-15.86,-16.86,-15.17,-16.7,1986.5,-16.93,-16.92,-6450,-16.84
1908,-18.77,-17.84,-19.25,-18.89,1986.417,-19.84,-19.75,-6550,-16.82
1907,-21.37,-19.94,-20.35,-19.67,1986.333,-23.64,-22.85,-6650,-16.8
1906,-17.83,-18.79,-19.06,-19.44,1986.25,-25.63,-27.41,-6750,-16.48
1905,-17.52,-18.72,-17.98,-19.19,1986.167,-26.18,-27.11,-6850,-16.13
1904,-14.53,-13.93,-14.49,-14.52,1986.083,-23.01,-22.24,-6950,-16.18
1903,-15.93,-16.58,-12.77,-13.27,1986,-16.96,-18.07,-7050,-16.18
1902,-21.17,-19.64,-20.49,-18.57,1985.917,-15.45,-15.74,-7150,-16.01
1901,-15.02,-16.3,-17,-17.64,1985.833,-14.81,-14.9,-7250,-16.04
1900,-19.54,-19.67,-18,-18.98,1985.75,-13.69,-13.34,-7350,-15.9
1899,-16.86,-15.96,-16.77,-17.46,1985.667,-11.94,-12.4,-7450,-16.12
1898,-17.08,-17.47,-15.6,-15.19,1985.583,-12.06,-12.54,-7550,-15.93
1897,-22.63,-22.29,-19.92,-19.94,1985.5,-14.33,-12.38,-7650,-15.97
1896,-20.2,-20.24,-18.81,-18.36,1985.417,-15.96,-16.47,-7750,-16.2
1895,-16.8,-17.99,-15.86,-15.9,1985.333,-18.24,-19.35,-7850,-16.15
1894,-20.23,-18.62,-18.91,-17.77,1985.25,-18.3,-18.06,-7950,-16.2
NA,NA,NA,NA,NA,1985.167,-16.73,-15.84,-8050,-16.2
NA,NA,NA,NA,NA,1985.083,-15.69,-15.18,-8150,-16.21
NA,NA,NA,NA,NA,1985,-13.86,-13.72,-8250,-16.33
NA,NA,NA,NA,NA,1984.917,-13.48,-16.05,-8350,-16.24
NA,NA,NA,NA,NA,1984.833,-16.8,-19.98,-8450,-16.35
NA,NA,NA,NA,NA,1984.75,-19.55,-19.68,-8550,-16.49
NA,NA,NA,NA,NA,1984.667,-19.25,-16.55,-8650,-16.83
NA,NA,NA,NA,NA,1984.583,-16.02,-14.61,-8750,-17.09
NA,NA,NA,NA,NA,1984.5,-18.93,-18.96,-8850,-17.25
NA,NA,NA,NA,NA,1984.417,-22.51,-23.61,-8950,-17.79
NA,NA,NA,NA,NA,1984.333,-24,-23.62,-9050,-18.5
NA,NA,NA,NA,NA,1984.25,-24.02,-24.29,-9150,-18.76
NA,NA,NA,NA,NA,1984.167,-25.53,-26.05,-9250,-18.8
NA,NA,NA,NA,NA,1984.083,-26.17,-26.72,-9350,-18.82
NA,NA,NA,NA,NA,1984,-26.03,-24.36,-9450,-19
NA,NA,NA,NA,NA,1983.917,-23.85,-17.14,-9550,-19.13
NA,NA,NA,NA,NA,1983.833,-19.51,-17.93,-9650,-19.34
NA,NA,NA,NA,NA,1983.75,-16.58,-15.79,-9750,-19.64
NA,NA,NA,NA,NA,1983.667,-13.55,-11.85,-9850,-20.01
NA,NA,NA,NA,NA,1983.583,-10.73,-10.42,-9950,-20.35
NA,NA,NA,NA,NA,1983.5,-10.72,-12.65,-10050,-20.61
NA,NA,NA,NA,NA,1983.417,-13.74,-21.16,-10150,-20.79
NA,NA,NA,NA,NA,1983.333,-15.47,-16.55,-10250,-20.94
NA,NA,NA,NA,NA,1983.25,-13.6,-14.44,-10350,-21.01
NA,NA,NA,NA,NA,1983.167,-12.66,-12.27,-10450,-21.08
NA,NA,NA,NA,NA,1983.083,-11.72,-12.22,-10550,-21.07
NA,NA,NA,NA,NA,1983,-14.18,-15.06,-10650,-21.19
NA,NA,NA,NA,NA,1982.917,-15.89,-16.79,-10750,-21.19
NA,NA,NA,NA,NA,1982.833,-17.6,-18.37,-10850,-21.29
NA,NA,NA,NA,NA,1982.75,-18.97,-18.82,-10950,-21.44
NA,NA,NA,NA,NA,1982.667,-17.39,-17.6,-11050,-21.55
NA,NA,NA,NA,NA,1982.583,-14.94,-14.65,-11150,-21.39
NA,NA,NA,NA,NA,1982.5,-16.45,-15.97,-11250,-21.12
NA,NA,NA,NA,NA,1982.417,-18.69,-19,-11350,-20.99
NA,NA,NA,NA,NA,1982.333,-20.55,-20.69,-11450,-20.88
NA,NA,NA,NA,NA,1982.25,-18.27,-18.42,-11550,-20.75
NA,NA,NA,NA,NA,1982.167,-15.99,-17.4,-11650,-20.55
NA,NA,NA,NA,NA,1982.083,-16.43,-16.76,-11750,-20.52
NA,NA,NA,NA,NA,1982,-17.02,-16.91,-11850,-20.49
NA,NA,NA,NA,NA,1981.917,-17.94,-18.01,-11950,-20.27
NA,NA,NA,NA,NA,1981.833,-17.73,-18.22,-12050,-20.18
NA,NA,NA,NA,NA,1981.75,-16.34,-16.79,-12150,-20.15
NA,NA,NA,NA,NA,1981.667,-15.53,-16.02,-12250,-20.2
NA,NA,NA,NA,NA,1981.583,-14.54,-15.87,-12350,-20.27
NA,NA,NA,NA,NA,1981.5,-18.19,-17.43,-12450,-20.32
NA,NA,NA,NA,NA,1981.417,-19.68,-19.24,-12550,-20.33
NA,NA,NA,NA,NA,1981.333,-20.1,-20.14,-12650,-20.63
NA,NA,NA,NA,NA,1981.25,-19.15,-19.24,-12750,-20.83
NA,NA,NA,NA,NA,1981.167,-16.25,-16.05,-12850,-21.56
NA,NA,NA,NA,NA,1981.083,-15.28,-15.4,-12950,-21.98
NA,NA,NA,NA,NA,1981,-16.46,-14.75,-13050,-22.15
NA,NA,NA,NA,NA,1980.917,-19.38,-17.17,-13150,-22.04
NA,NA,NA,NA,NA,1980.833,-19.3,-20.6,-13250,-22.11
NA,NA,NA,NA,NA,1980.75,-17.62,-18.31,-13350,-22.21
NA,NA,NA,NA,NA,1980.667,-18.24,-18.11,-13450,-22.45
NA,NA,NA,NA,NA,1980.583,-17.68,-17.91,-13550,-22.43
NA,NA,NA,NA,NA,1980.5,-16.38,-18.59,-13650,-22.29
NA,NA,NA,NA,NA,1980.417,-16.85,-16.87,-13750,-22.16
NA,NA,NA,NA,NA,1980.333,-16.47,-16.68,-13850,-22.12
NA,NA,NA,NA,NA,1980.25,-16.09,-16.49,-13950,-22.14
NA,NA,NA,NA,NA,1980.167,-13.98,-15.98,-14050,-22.45
NA,NA,NA,NA,NA,1980.083,-14.75,-15.47,-14150,-22.78
NA,NA,NA,NA,NA,1980,-15.51,-13.59,-14250,-23.22
NA,NA,NA,NA,NA,1979.917,-15.81,-15.31,-14350,-23.35
NA,NA,NA,NA,NA,1979.833,-16.1,-15.24,-14450,-23.34
NA,NA,NA,NA,NA,1979.75,-15.89,-12.26,-14550,-23.33
NA,NA,NA,NA,NA,1979.667,-14.04,-9.27,-14650,-23.42
NA,NA,NA,NA,NA,1979.583,-12.19,-12.93,-14750,-23.49
NA,NA,NA,NA,NA,1979.5,-15.47,-16.59,-14850,-23.43
NA,NA,NA,NA,NA,1979.417,-21.23,-23.17,-14950,-23.3
NA,NA,NA,NA,NA,1979.333,-23.72,-24.3,-15050,-23.27
NA,NA,NA,NA,NA,1979.25,-23.12,-21.48,-15150,-23.4
NA,NA,NA,NA,NA,1979.167,-19.66,-17.96,-15250,-23.96
NA,NA,NA,NA,NA,1979.083,-16.7,-15.43,-15350,-24.61
NA,NA,NA,NA,NA,1979,-15.13,-12.9,-15450,-24.94
NA,NA,NA,NA,NA,1978.917,-13.55,-13.25,-15550,-25.01
NA,NA,NA,NA,NA,1978.833,-12.98,-15.15,-15650,-24.88
NA,NA,NA,NA,NA,1978.75,-14.19,-16.91,-15750,-24.5
NA,NA,NA,NA,NA,1978.667,-16.1,-15.87,-15850,-24.25
NA,NA,NA,NA,NA,1978.583,-14.32,-16.34,-15950,-23.67
NA,NA,NA,NA,NA,1978.5,-14.52,-15.15,-16050,-23
NA,NA,NA,NA,NA,1978.417,-14.71,-15.11,-16150,-22.28
NA,NA,NA,NA,NA,1978.333,-13.83,-15.07,-16250,-22.08
NA,NA,NA,NA,NA,1978.25,-14.11,-15.24,-16350,-22.19
NA,NA,NA,NA,NA,1978.167,-14.26,-15.16,-16450,-22.31
NA,NA,NA,NA,NA,1978.083,-14.4,-15.08,-16550,-22.36
NA,NA,NA,NA,NA,1978,-16.22,-17.51,-16650,-22.43
NA,NA,NA,NA,NA,1977.917,-18.18,-18.81,-16750,-22.35
NA,NA,NA,NA,NA,1977.833,-20.14,-20.1,-16850,-22.07
NA,NA,NA,NA,NA,1977.75,-19.51,-14.22,-16950,-21.65
NA,NA,NA,NA,NA,1977.667,-16.2,-14.8,-17050,-21.74
NA,NA,NA,NA,NA,1977.583,-15.78,-15.37,-17150,-21.7
NA,NA,NA,NA,NA,1977.5,-15.36,-17.38,NA,NA
NA,NA,NA,NA,NA,1977.417,-19.06,-19.38,NA,NA
NA,NA,NA,NA,NA,1977.333,-20.22,-20.35,NA,NA
NA,NA,NA,NA,NA,1977.25,-21.37,-21.31,NA,NA
NA,NA,NA,NA,NA,1977.167,-20.34,-20.71,NA,NA
NA,NA,NA,NA,NA,1977.083,-19.3,-20.1,NA,NA
NA,NA,NA,NA,NA,1977,-17.54,-15.61,NA,NA
NA,NA,NA,NA,NA,1976.917,-15.77,-14.83,NA,NA
NA,NA,NA,NA,NA,1976.833,-14.68,-14.05,NA,NA
NA,NA,NA,NA,NA,1976.75,-13.58,-13.54,NA,NA
NA,NA,NA,NA,NA,1976.667,-13.85,-13.03,NA,NA
NA,NA,NA,NA,NA,1976.583,-14.12,-14.43,NA,NA
NA,NA,NA,NA,NA,1976.5,-19.15,-15.83,NA,NA
NA,NA,NA,NA,NA,1976.417,-21.85,-22.91,NA,NA
NA,NA,NA,NA,NA,1976.333,-24.54,-25.08,NA,NA
NA,NA,NA,NA,NA,1976.25,-23.82,-22.09,NA,NA
NA,NA,NA,NA,NA,1976.167,-22.53,-20.8,NA,NA
NA,NA,NA,NA,NA,1976.083,-21.25,-20.28,NA,NA
NA,NA,NA,NA,NA,1976,-20.29,-20.49,NA,NA
NA,NA,NA,NA,NA,1975.917,-19.91,-19.52,NA,NA
NA,NA,NA,NA,NA,1975.833,-19.52,-18.96,NA,NA
NA,NA,NA,NA,NA,1975.75,-18.32,-18.4,NA,NA
NA,NA,NA,NA,NA,1975.667,-16.46,-16.27,NA,NA
NA,NA,NA,NA,NA,1975.583,-14.55,-13.5,NA,NA
NA,NA,NA,NA,NA,1975.5,-16.79,-17.86,NA,NA
NA,NA,NA,NA,NA,1975.417,-19.02,-23.27,NA,NA
NA,NA,NA,NA,NA,1975.333,-23.25,-24.66,NA,NA
NA,NA,NA,NA,NA,1975.25,-24.9,-26.05,NA,NA
NA,NA,NA,NA,NA,1975.167,-24.14,-24.52,NA,NA
NA,NA,NA,NA,NA,1975.083,-23.38,-19.94,NA,NA
NA,NA,NA,NA,NA,1975,-19.24,-15.54,NA,NA
NA,NA,NA,NA,NA,1974.917,-15.21,-15.16,NA,NA
NA,NA,NA,NA,NA,1974.833,-15.08,-15.26,NA,NA
NA,NA,NA,NA,NA,1974.75,-14.73,-14.27,NA,NA
NA,NA,NA,NA,NA,1974.667,-12.83,-13.28,NA,NA
NA,NA,NA,NA,NA,1974.583,-13.06,-14.66,NA,NA
NA,NA,NA,NA,NA,1974.5,-13.29,-16.04,NA,NA
NA,NA,NA,NA,NA,1974.417,-23.61,-23.9,NA,NA
NA,NA,NA,NA,NA,1974.333,-20.63,-25.29,NA,NA
NA,NA,NA,NA,NA,1974.25,-20.48,-20.85,NA,NA
NA,NA,NA,NA,NA,1974.167,-20.33,-20.2,NA,NA
NA,NA,NA,NA,NA,1974.083,-20.84,-21.34,NA,NA
NA,NA,NA,NA,NA,1974,-20.43,-21.71,NA,NA
NA,NA,NA,NA,NA,1973.917,-20.01,-20.55,NA,NA
NA,NA,NA,NA,NA,1973.833,-17.61,-17.97,NA,NA
NA,NA,NA,NA,NA,1973.75,-16.49,-15.24,NA,NA
NA,NA,NA,NA,NA,1973.667,-15.37,-13.6,NA,NA
NA,NA,NA,NA,NA,1973.583,-15,-13.95,NA,NA
NA,NA,NA,NA,NA,1973.5,-16.69,-13.95,NA,NA
NA,NA,NA,NA,NA,1973.417,-18.37,-17.8,NA,NA
NA,NA,NA,NA,NA,1973.333,-21.1,-21.64,NA,NA
NA,NA,NA,NA,NA,1973.25,-20.81,-20.56,NA,NA
NA,NA,NA,NA,NA,1973.167,-22.55,-20.42,NA,NA
NA,NA,NA,NA,NA,1973.083,-24.2,-20.02,NA,NA
NA,NA,NA,NA,NA,1973,-20.13,-19.16,NA,NA
NA,NA,NA,NA,NA,1972.917,-19.34,-18.48,NA,NA
NA,NA,NA,NA,NA,1972.833,-18.34,-17.8,NA,NA
NA,NA,NA,NA,NA,1972.75,-17.02,-18.76,NA,NA
NA,NA,NA,NA,NA,1972.667,-16.49,-17.32,NA,NA
NA,NA,NA,NA,NA,1972.583,-15.96,-16.4,NA,NA
NA,NA,NA,NA,NA,1972.5,-17.4,-21.1,NA,NA
NA,NA,NA,NA,NA,1972.417,-22.1,-25.79,NA,NA
NA,NA,NA,NA,NA,1972.333,-25.83,-27.71,NA,NA
NA,NA,NA,NA,NA,1972.25,-24.53,-24.73,NA,NA
NA,NA,NA,NA,NA,1972.167,-21.31,-20.75,NA,NA
NA,NA,NA,NA,NA,1972.083,-19.1,-18.32,NA,NA
NA,NA,NA,NA,NA,1972,-17.8,-17.7,NA,NA
NA,NA,NA,NA,NA,1971.917,-17.84,-19.39,NA,NA
NA,NA,NA,NA,NA,1971.833,-19.05,-19.39,NA,NA
NA,NA,NA,NA,NA,1971.75,-19.68,-18.34,NA,NA
NA,NA,NA,NA,NA,1971.667,-14.87,-14.22,NA,NA
NA,NA,NA,NA,NA,1971.583,-11.34,-11.44,NA,NA
NA,NA,NA,NA,NA,1971.5,-11.78,-17.68,NA,NA
NA,NA,NA,NA,NA,1971.417,-14.92,-22.18,NA,NA
NA,NA,NA,NA,NA,1971.333,-19.86,-23.06,NA,NA
NA,NA,NA,NA,NA,1971.25,-22.82,-23.01,NA,NA
NA,NA,NA,NA,NA,1971.167,-23.06,-23.21,NA,NA
NA,NA,NA,NA,NA,1971.083,-24.01,-24.6,NA,NA
NA,NA,NA,NA,NA,1971,-23.99,-23.3,NA,NA
NA,NA,NA,NA,NA,1970.917,-16.13,-15.52,NA,NA
NA,NA,NA,NA,NA,1970.833,-14.25,-14.24,NA,NA
NA,NA,NA,NA,NA,1970.75,-14.61,-14.24,NA,NA
NA,NA,NA,NA,NA,1970.667,-15.99,-14.84,NA,NA
NA,NA,NA,NA,NA,1970.583,-12.02,-12.77,NA,NA
NA,NA,NA,NA,NA,1970.5,-15.48,-14.71,NA,NA
NA,NA,NA,NA,NA,1970.417,-19.36,-18.05,NA,NA
NA,NA,NA,NA,NA,1970.333,-18.75,-19.89,NA,NA
NA,NA,NA,NA,NA,1970.25,-15.44,-19.03,NA,NA
NA,NA,NA,NA,NA,1970.167,-15.52,-14.39,NA,NA
NA,NA,NA,NA,NA,1970.083,-20.07,-17.01,NA,NA
NA,NA,NA,NA,NA,1970,-19.81,-20.81,NA,NA
NA,NA,NA,NA,NA,1969.917,-18.09,-20.68,NA,NA
NA,NA,NA,NA,NA,1969.833,-16.73,-17.71,NA,NA
NA,NA,NA,NA,NA,1969.75,-17.8,-19.54,NA,NA
NA,NA,NA,NA,NA,1969.667,-18.86,-16.83,NA,NA
NA,NA,NA,NA,NA,1969.583,-16.13,-16.81,NA,NA
NA,NA,NA,NA,NA,1969.5,-14.03,-16.78,NA,NA
NA,NA,NA,NA,NA,1969.417,-16.56,-17.9,NA,NA
NA,NA,NA,NA,NA,1969.333,-17.34,-17.73,NA,NA
NA,NA,NA,NA,NA,1969.25,-17.53,-17.96,NA,NA
NA,NA,NA,NA,NA,1969.167,-15.29,-16.61,NA,NA
NA,NA,NA,NA,NA,1969.083,-13.5,-15.27,NA,NA
NA,NA,NA,NA,NA,1969,-11.13,-12.71,NA,NA
NA,NA,NA,NA,NA,1968.917,-12.01,-11.31,NA,NA
NA,NA,NA,NA,NA,1968.833,-13.78,-12.66,NA,NA
NA,NA,NA,NA,NA,1968.75,-13.02,-13.93,NA,NA
NA,NA,NA,NA,NA,1968.667,-11.86,-14.81,NA,NA
NA,NA,NA,NA,NA,1968.583,-11.85,-12.09,NA,NA
NA,NA,NA,NA,NA,1968.5,-13.98,-11.46,NA,NA
NA,NA,NA,NA,NA,1968.417,-17.95,-15.55,NA,NA
NA,NA,NA,NA,NA,1968.333,-20.04,-19.06,NA,NA
NA,NA,NA,NA,NA,1968.25,-17.38,-18.83,NA,NA
NA,NA,NA,NA,NA,1968.167,-17.2,-17.81,NA,NA
NA,NA,NA,NA,NA,1968.083,-16.79,-17.11,NA,NA
NA,NA,NA,NA,NA,1968,-15.06,-14.77,NA,NA
NA,NA,NA,NA,NA,1967.917,-13.59,-13.5,NA,NA
NA,NA,NA,NA,NA,1967.833,-13.9,-14.42,NA,NA
NA,NA,NA,NA,NA,1967.75,-13.08,-12.97,NA,NA
NA,NA,NA,NA,NA,1967.667,-12.72,-12.75,NA,NA
NA,NA,NA,NA,NA,1967.583,-14.18,-11.34,NA,NA
NA,NA,NA,NA,NA,1967.5,-17.37,-13.37,NA,NA
NA,NA,NA,NA,NA,1967.417,-20.52,-18.83,NA,NA
NA,NA,NA,NA,NA,1967.333,-21.98,-21.75,NA,NA
NA,NA,NA,NA,NA,1967.25,-22.52,-22.6,NA,NA
NA,NA,NA,NA,NA,1967.167,-20.31,-21.37,NA,NA
NA,NA,NA,NA,NA,1967.083,-18.95,-19.45,NA,NA
NA,NA,NA,NA,NA,1967,-17.72,-18.05,NA,NA
NA,NA,NA,NA,NA,1966.917,-15.91,-16.62,NA,NA
NA,NA,NA,NA,NA,1966.833,-15.71,-16.01,NA,NA
NA,NA,NA,NA,NA,1966.75,-14.59,-14.76,NA,NA
NA,NA,NA,NA,NA,1966.667,-15.6,-15.48,NA,NA
NA,NA,NA,NA,NA,1966.583,-14.06,-15.28,NA,NA
NA,NA,NA,NA,NA,1966.5,-14.9,-13.18,NA,NA
NA,NA,NA,NA,NA,1966.417,-15.75,-16.08,NA,NA
NA,NA,NA,NA,NA,1966.333,-16.22,-17.56,NA,NA
NA,NA,NA,NA,NA,1966.25,-15.5,-14.65,NA,NA
NA,NA,NA,NA,NA,1966.167,-16.22,-15.36,NA,NA
NA,NA,NA,NA,NA,1966.083,-16.94,-18.58,NA,NA
NA,NA,NA,NA,NA,1966,-19.63,-18.86,NA,NA
NA,NA,NA,NA,NA,1965.917,-17.8,-16.37,NA,NA
NA,NA,NA,NA,NA,1965.833,-16.74,-15.13,NA,NA
NA,NA,NA,NA,NA,1965.75,-15.67,-12.46,NA,NA
NA,NA,NA,NA,NA,1965.667,-12.65,-12.76,NA,NA
NA,NA,NA,NA,NA,1965.583,-11.09,-13.05,NA,NA
NA,NA,NA,NA,NA,1965.5,-10.62,-12.19,NA,NA
NA,NA,NA,NA,NA,1965.417,-11.46,-10.76,NA,NA
NA,NA,NA,NA,NA,1965.333,-12.29,-11.73,NA,NA
NA,NA,NA,NA,NA,1965.25,-17.19,-16.48,NA,NA
NA,NA,NA,NA,NA,1965.167,-18.1,-17.99,NA,NA
NA,NA,NA,NA,NA,1965.083,-17.6,-18.03,NA,NA
NA,NA,NA,NA,NA,1965,-18.76,-18.07,NA,NA
NA,NA,NA,NA,NA,1964.917,-19.08,-19.41,NA,NA
NA,NA,NA,NA,NA,1964.833,-19.39,-18.5,NA,NA
NA,NA,NA,NA,NA,1964.75,-17.17,-16.34,NA,NA
NA,NA,NA,NA,NA,1964.667,-16.04,-15.2,NA,NA
NA,NA,NA,NA,NA,1964.583,-14.96,-14.26,NA,NA
NA,NA,NA,NA,NA,1964.5,-13.35,-13.14,NA,NA
NA,NA,NA,NA,NA,1964.417,-13.44,-13.79,NA,NA
NA,NA,NA,NA,NA,1964.333,-13.53,-14.44,NA,NA
NA,NA,NA,NA,NA,1964.25,-14.44,-15.22,NA,NA
NA,NA,NA,NA,NA,1964.167,-14.54,-14.5,NA,NA
NA,NA,NA,NA,NA,1964.083,-15.07,-15.51,NA,NA
NA,NA,NA,NA,NA,1964,-17.9,-17.3,NA,NA
NA,NA,NA,NA,NA,1963.917,-18.99,-19.09,NA,NA
NA,NA,NA,NA,NA,1963.833,-15.54,-18.37,NA,NA
NA,NA,NA,NA,NA,1963.75,-13.02,-14.37,NA,NA
NA,NA,NA,NA,NA,1963.667,-8.28,-11.15,NA,NA
NA,NA,NA,NA,NA,1963.583,-9.52,-9.99,NA,NA
NA,NA,NA,NA,NA,1963.5,-11.67,-8.83,NA,NA
NA,NA,NA,NA,NA,1963.417,-13.81,-11.82,NA,NA
NA,NA,NA,NA,NA,1963.333,-16.77,-16.31,NA,NA
NA,NA,NA,NA,NA,1963.25,-17.23,-17.04,NA,NA
NA,NA,NA,NA,NA,1963.167,-17.69,-17.77,NA,NA
NA,NA,NA,NA,NA,1963.083,-17.69,-17.77,NA,NA
NA,NA,NA,NA,NA,1963,-17.69,-17.77,NA,NA
NA,NA,NA,NA,NA,1962.917,-18.18,-18.46,NA,NA
NA,NA,NA,NA,NA,1962.833,-14.25,-15.13,NA,NA
NA,NA,NA,NA,NA,1962.75,-12.7,-11.79,NA,NA
NA,NA,NA,NA,NA,1962.667,-11.14,-8.92,NA,NA
NA,NA,NA,NA,NA,1962.583,-10.16,-13.32,NA,NA
NA,NA,NA,NA,NA,1962.5,-13.73,-17.71,NA,NA
NA,NA,NA,NA,NA,1962.417,-22.3,-23.74,NA,NA
NA,NA,NA,NA,NA,1962.333,-23.91,-24.28,NA,NA
NA,NA,NA,NA,NA,1962.25,-23.72,-23.37,NA,NA
NA,NA,NA,NA,NA,1962.167,-24.29,-24.74,NA,NA
NA,NA,NA,NA,NA,1962.083,-25.1,-24.25,NA,NA
NA,NA,NA,NA,NA,1962,-21.91,-21,NA,NA
NA,NA,NA,NA,NA,1961.917,-18.85,-19.13,NA,NA
NA,NA,NA,NA,NA,1961.833,-16.75,-18.98,NA,NA
NA,NA,NA,NA,NA,1961.75,-13.46,-11.76,NA,NA
NA,NA,NA,NA,NA,1961.667,-11.2,-8.85,NA,NA
NA,NA,NA,NA,NA,1961.583,-8.58,-8.57,NA,NA
NA,NA,NA,NA,NA,1961.5,-12.83,-11.19,NA,NA
NA,NA,NA,NA,NA,1961.417,-17.52,-18.1,NA,NA
NA,NA,NA,NA,NA,1961.333,-20.59,-20.88,NA,NA
NA,NA,NA,NA,NA,1961.25,-22.44,-22.72,NA,NA
NA,NA,NA,NA,NA,1961.167,-22.56,-21.96,NA,NA
NA,NA,NA,NA,NA,1961.083,-21.52,-22.13,NA,NA
NA,NA,NA,NA,NA,1961,-18.32,-21.31,NA,NA
NA,NA,NA,NA,NA,1960.917,-18.22,-18.78,NA,NA
NA,NA,NA,NA,NA,1960.833,-18.08,-17.88,NA,NA
NA,NA,NA,NA,NA,1960.75,-17.98,-17.7,NA,NA
NA,NA,NA,NA,NA,1960.667,-19.14,-15.24,NA,NA
NA,NA,NA,NA,NA,1960.583,-15.15,-12.79,NA,NA
NA,NA,NA,NA,NA,1960.5,-14.01,-20.27,NA,NA
NA,NA,NA,NA,NA,1960.417,-17.85,-22.02,NA,NA
NA,NA,NA,NA,NA,1960.333,-19.6,-17.89,NA,NA
NA,NA,NA,NA,NA,1960.25,-17.72,-15.89,NA,NA
NA,NA,NA,NA,NA,1960.167,-15.54,-16.6,NA,NA
NA,NA,NA,NA,NA,1960.083,-16.7,-19.08,NA,NA
NA,NA,NA,NA,NA,1960,-18.54,-18.47,NA,NA
NA,NA,NA,NA,NA,1959.917,-19.07,-17.5,NA,NA
NA,NA,NA,NA,NA,1959.833,-17.04,-16.52,NA,NA
NA,NA,NA,NA,NA,1959.75,-17.24,-17.18,NA,NA
NA,NA,NA,NA,NA,1959.667,-17.43,-15.5,NA,NA
NA,NA,NA,NA,NA,1959.583,-13.44,-10.39,NA,NA
NA,NA,NA,NA,NA,1959.5,-10.57,-11.84,NA,NA
NA,NA,NA,NA,NA,1959.417,-13.28,-18.74,NA,NA
NA,NA,NA,NA,NA,1959.333,-17.32,-16.15,NA,NA
NA,NA,NA,NA,NA,1959.25,-16.75,-18.65,NA,NA
NA,NA,NA,NA,NA,1959.167,-19.8,-19.42,NA,NA
NA,NA,NA,NA,NA,1959.083,-18.52,-18.46,NA,NA
NA,NA,NA,NA,NA,1959,-17.02,-17.49,NA,NA
NA,NA,NA,NA,NA,1958.917,-17.57,-16.74,NA,NA
NA,NA,NA,NA,NA,1958.833,-18.32,-19.25,NA,NA
NA,NA,NA,NA,NA,1958.75,-18.6,-20.03,NA,NA
NA,NA,NA,NA,NA,1958.667,-15.77,-16.47,NA,NA
NA,NA,NA,NA,NA,1958.583,-16.35,-15.13,NA,NA
NA,NA,NA,NA,NA,1958.5,-15.07,-13.76,NA,NA
NA,NA,NA,NA,NA,1958.417,-17.78,-12.39,NA,NA
NA,NA,NA,NA,NA,1958.333,-19.62,-17.31,NA,NA
NA,NA,NA,NA,NA,1958.25,-21.45,-21.27,NA,NA
NA,NA,NA,NA,NA,1958.167,-23.34,-22.83,NA,NA
NA,NA,NA,NA,NA,1958.083,-22.95,-22.8,NA,NA
NA,NA,NA,NA,NA,1958,-20.88,-21.72,NA,NA
NA,NA,NA,NA,NA,1957.917,-19.95,-19.8,NA,NA
NA,NA,NA,NA,NA,1957.833,-19.02,-12.77,NA,NA
NA,NA,NA,NA,NA,1957.75,-14.46,-9.61,NA,NA
NA,NA,NA,NA,NA,1957.667,-9.39,-10.7,NA,NA
NA,NA,NA,NA,NA,1957.583,-10.6,-11.79,NA,NA
NA,NA,NA,NA,NA,1957.5,-12.31,-10.88,NA,NA
NA,NA,NA,NA,NA,1957.417,-15.16,-15.12,NA,NA
NA,NA,NA,NA,NA,1957.333,-18.01,-19.36,NA,NA
NA,NA,NA,NA,NA,1957.25,-18.28,-18.67,NA,NA
NA,NA,NA,NA,NA,1957.167,-15.87,-17.41,NA,NA
NA,NA,NA,NA,NA,1957.083,-15.5,-16.14,NA,NA
NA,NA,NA,NA,NA,1957,-15.12,-15.91,NA,NA
NA,NA,NA,NA,NA,1956.917,-15.04,-14.36,NA,NA
NA,NA,NA,NA,NA,1956.833,-14.69,-14.25,NA,NA
NA,NA,NA,NA,NA,1956.75,-14.34,-14.14,NA,NA
NA,NA,NA,NA,NA,1956.667,-14.61,-15.04,NA,NA
NA,NA,NA,NA,NA,1956.583,-12.17,-13.57,NA,NA
NA,NA,NA,NA,NA,1956.5,-11.95,-12.1,NA,NA
NA,NA,NA,NA,NA,1956.417,-11.72,-12.74,NA,NA
NA,NA,NA,NA,NA,1956.333,-13.93,-15.57,NA,NA
NA,NA,NA,NA,NA,1956.25,-17.69,-18.4,NA,NA
NA,NA,NA,NA,NA,1956.167,-17.84,-18.5,NA,NA
NA,NA,NA,NA,NA,1956.083,-17.99,-18.6,NA,NA
NA,NA,NA,NA,NA,1956,-15.88,-17.65,NA,NA
NA,NA,NA,NA,NA,1955.917,-19.77,-18.18,NA,NA
NA,NA,NA,NA,NA,1955.833,-15.72,-18.71,NA,NA
NA,NA,NA,NA,NA,1955.75,-11.67,-11.39,NA,NA
NA,NA,NA,NA,NA,1955.667,-9.73,-10.62,NA,NA
NA,NA,NA,NA,NA,1955.583,-11.02,-9.85,NA,NA
NA,NA,NA,NA,NA,1955.5,-11.75,-11.65,NA,NA
NA,NA,NA,NA,NA,1955.417,-12.47,-11.34,NA,NA
NA,NA,NA,NA,NA,1955.333,-18.21,-14.63,NA,NA
NA,NA,NA,NA,NA,1955.25,-21.72,-21.32,NA,NA
NA,NA,NA,NA,NA,1955.167,-23.98,-22.98,NA,NA
NA,NA,NA,NA,NA,1955.083,-25.32,-24.67,NA,NA
NA,NA,NA,NA,NA,1955,-26.46,-26.51,NA,NA
NA,NA,NA,NA,NA,1954.917,-25.49,-24.39,NA,NA
NA,NA,NA,NA,NA,1954.833,-21.33,-19.82,NA,NA
NA,NA,NA,NA,NA,1954.75,-17.24,-15.92,NA,NA
NA,NA,NA,NA,NA,1954.667,-11.67,-10.92,NA,NA
NA,NA,NA,NA,NA,1954.583,-11.79,-11.45,NA,NA
NA,NA,NA,NA,NA,1954.5,-10.86,-17.3,NA,NA
NA,NA,NA,NA,NA,1954.417,-18.23,-24.89,NA,NA
NA,NA,NA,NA,NA,1954.333,-24.14,-24.88,NA,NA
NA,NA,NA,NA,NA,1954.25,-25.29,-24.86,NA,NA
NA,NA,NA,NA,NA,1954.167,-23.21,-23.26,NA,NA
NA,NA,NA,NA,NA,1954.083,-22.79,-21.49,NA,NA
NA,NA,NA,NA,NA,1954,-20.01,-19.44,NA,NA
NA,NA,NA,NA,NA,1953.917,-17.65,-17.39,NA,NA
NA,NA,NA,NA,NA,1953.833,-14.7,-13.9,NA,NA
NA,NA,NA,NA,NA,1953.75,-14.41,-13.86,NA,NA
NA,NA,NA,NA,NA,1953.667,-14.11,-13.53,NA,NA
NA,NA,NA,NA,NA,1953.583,-13.14,-13.19,NA,NA
NA,NA,NA,NA,NA,1953.5,-13.81,-13.03,NA,NA
NA,NA,NA,NA,NA,1953.417,-16.86,-18.56,NA,NA
NA,NA,NA,NA,NA,1953.333,-22.96,-21.58,NA,NA
NA,NA,NA,NA,NA,1953.25,-22.48,-24.59,NA,NA
NA,NA,NA,NA,NA,1953.167,-21.99,-20.67,NA,NA
NA,NA,NA,NA,NA,1953.083,-20.14,-19.34,NA,NA
NA,NA,NA,NA,NA,1953,-17.54,-17.96,NA,NA
NA,NA,NA,NA,NA,1952.917,-16.51,-16.89,NA,NA
NA,NA,NA,NA,NA,1952.833,-18.02,-18.35,NA,NA
NA,NA,NA,NA,NA,1952.75,-19.52,-19.8,NA,NA
NA,NA,NA,NA,NA,1952.667,-18,-21.42,NA,NA
NA,NA,NA,NA,NA,1952.583,-18.39,-15.61,NA,NA
NA,NA,NA,NA,NA,1952.5,-21.4,-17.85,NA,NA
NA,NA,NA,NA,NA,1952.417,-23.11,-20.09,NA,NA
NA,NA,NA,NA,NA,1952.333,-22.35,-22.72,NA,NA
NA,NA,NA,NA,NA,1952.25,-22.18,-22.16,NA,NA
NA,NA,NA,NA,NA,1952.167,-21.71,-21.6,NA,NA
NA,NA,NA,NA,NA,1952.083,-20.26,-22.23,NA,NA
NA,NA,NA,NA,NA,1952,-17.04,-20.37,NA,NA
NA,NA,NA,NA,NA,1951.917,-13.53,-16.6,NA,NA
NA,NA,NA,NA,NA,1951.833,-12.4,-12.82,NA,NA
NA,NA,NA,NA,NA,1951.75,-15.26,-14.86,NA,NA
NA,NA,NA,NA,NA,1951.667,-15.84,-16.89,NA,NA
NA,NA,NA,NA,NA,1951.583,-13.15,-19.8,NA,NA
NA,NA,NA,NA,NA,1951.5,-16.1,-14.47,NA,NA
NA,NA,NA,NA,NA,1951.417,-19.05,-19.78,NA,NA
NA,NA,NA,NA,NA,1951.333,-20.24,-19.11,NA,NA
NA,NA,NA,NA,NA,1951.25,-20.12,-19.83,NA,NA
NA,NA,NA,NA,NA,1951.167,-20.84,-20.54,NA,NA
NA,NA,NA,NA,NA,1951.083,-19.45,-19.16,NA,NA
NA,NA,NA,NA,NA,1951,-18.4,-18,NA,NA
NA,NA,NA,NA,NA,1950.917,-17.21,-15.53,NA,NA
NA,NA,NA,NA,NA,1950.833,-15.71,-16.82,NA,NA
NA,NA,NA,NA,NA,1950.75,-17.62,-18.1,NA,NA
NA,NA,NA,NA,NA,1950.667,-20.59,-18.91,NA,NA
NA,NA,NA,NA,NA,1950.583,-18.66,-17.06,NA,NA
NA,NA,NA,NA,NA,1950.5,-17.52,-18.21,NA,NA
NA,NA,NA,NA,NA,1950.417,-22.58,-19.36,NA,NA
NA,NA,NA,NA,NA,1950.333,-21.44,-22.79,NA,NA
NA,NA,NA,NA,NA,1950.25,-19.46,-22.08,NA,NA
NA,NA,NA,NA,NA,1950.167,-18.69,-21.37,NA,NA
NA,NA,NA,NA,NA,1950.083,-19.82,-20.31,NA,NA
NA,NA,NA,NA,NA,1950,-20.94,-19.24,NA,NA
NA,NA,NA,NA,NA,1949.917,-18.86,-21.51,NA,NA
NA,NA,NA,NA,NA,1949.833,-20.15,-20.95,NA,NA
NA,NA,NA,NA,NA,1949.75,-22.31,-20.38,NA,NA
NA,NA,NA,NA,NA,1949.667,-19.43,-15.77,NA,NA
NA,NA,NA,NA,NA,1949.583,-16,-14.46,NA,NA
NA,NA,NA,NA,NA,1949.5,-13.88,-13.14,NA,NA
NA,NA,NA,NA,NA,1949.417,-12.84,-20.09,NA,NA
NA,NA,NA,NA,NA,1949.333,-21.38,-21.26,NA,NA
NA,NA,NA,NA,NA,1949.25,-22.65,-22.42,NA,NA
NA,NA,NA,NA,NA,1949.167,-23.91,-24.96,NA,NA
NA,NA,NA,NA,NA,1949.083,-24.97,-23.26,NA,NA
NA,NA,NA,NA,NA,1949,-21.03,-21.56,NA,NA
NA,NA,NA,NA,NA,1948.917,-19.06,-19.57,NA,NA
NA,NA,NA,NA,NA,1948.833,-19.24,-19.11,NA,NA
NA,NA,NA,NA,NA,1948.75,-17.39,-17.62,NA,NA
NA,NA,NA,NA,NA,1948.667,-16.52,-16.12,NA,NA
NA,NA,NA,NA,NA,1948.583,-15.39,-15.3,NA,NA
NA,NA,NA,NA,NA,1948.5,-16.63,-17.88,NA,NA
NA,NA,NA,NA,NA,1948.417,-20.12,-19,NA,NA
NA,NA,NA,NA,NA,1948.333,-19.66,-20.12,NA,NA
NA,NA,NA,NA,NA,1948.25,-18.32,-18.9,NA,NA
NA,NA,NA,NA,NA,1948.167,-15.07,-16.35,NA,NA
NA,NA,NA,NA,NA,1948.083,-13.58,-15.05,NA,NA
NA,NA,NA,NA,NA,1948,-13.45,-13.74,NA,NA
NA,NA,NA,NA,NA,1947.917,-13.27,-13.73,NA,NA
NA,NA,NA,NA,NA,1947.833,-13.65,-14.23,NA,NA
NA,NA,NA,NA,NA,1947.75,-16.43,-14.73,NA,NA
NA,NA,NA,NA,NA,1947.667,-16.13,-14.99,NA,NA
NA,NA,NA,NA,NA,1947.583,-14.09,-13.93,NA,NA
NA,NA,NA,NA,NA,1947.5,-15.54,-12.87,NA,NA
NA,NA,NA,NA,NA,1947.417,-15.41,-15.38,NA,NA
NA,NA,NA,NA,NA,1947.333,-17.11,-16.98,NA,NA
NA,NA,NA,NA,NA,1947.25,-18.15,-16.89,NA,NA
NA,NA,NA,NA,NA,1947.167,-18.56,-15.75,NA,NA
NA,NA,NA,NA,NA,1947.083,-15.46,-14.6,NA,NA
NA,NA,NA,NA,NA,1947,-16.91,-16.08,NA,NA
NA,NA,NA,NA,NA,1946.917,-15.56,-15.32,NA,NA
NA,NA,NA,NA,NA,1946.833,-15.79,-14.55,NA,NA
NA,NA,NA,NA,NA,1946.75,-16.6,-15.49,NA,NA
NA,NA,NA,NA,NA,1946.667,-14.91,-13.46,NA,NA
NA,NA,NA,NA,NA,1946.583,-10.54,-11.15,NA,NA
NA,NA,NA,NA,NA,1946.5,-12.32,-13.47,NA,NA
NA,NA,NA,NA,NA,1946.417,-15.31,-14.87,NA,NA
NA,NA,NA,NA,NA,1946.333,-15.98,-16.26,NA,NA
NA,NA,NA,NA,NA,1946.25,-15.15,-15.66,NA,NA
NA,NA,NA,NA,NA,1946.167,-14.47,-14.8,NA,NA
NA,NA,NA,NA,NA,1946.083,-14.08,-14.66,NA,NA
NA,NA,NA,NA,NA,1946,-16.08,-15.27,NA,NA
NA,NA,NA,NA,NA,1945.917,-19.27,-15.88,NA,NA
NA,NA,NA,NA,NA,1945.833,-14.46,-17.36,NA,NA
NA,NA,NA,NA,NA,1945.75,-12.11,-14.02,NA,NA
NA,NA,NA,NA,NA,1945.667,-13.83,-13.71,NA,NA
NA,NA,NA,NA,NA,1945.583,-13.54,-14.54,NA,NA
NA,NA,NA,NA,NA,1945.5,-13.45,-15.21,NA,NA
NA,NA,NA,NA,NA,1945.417,-18.04,-15.87,NA,NA
NA,NA,NA,NA,NA,1945.333,-19.79,-19.91,NA,NA
NA,NA,NA,NA,NA,1945.25,-19.52,-19.71,NA,NA
NA,NA,NA,NA,NA,1945.167,-22.01,-21.59,NA,NA
NA,NA,NA,NA,NA,1945.083,-20.34,-22.18,NA,NA
NA,NA,NA,NA,NA,1945,-19.07,-19.81,NA,NA
NA,NA,NA,NA,NA,1944.917,-19.43,-19.06,NA,NA
NA,NA,NA,NA,NA,1944.833,-19.69,-19.79,NA,NA
NA,NA,NA,NA,NA,1944.75,-19.29,-19.93,NA,NA
NA,NA,NA,NA,NA,1944.667,-17.31,-16.82,NA,NA
NA,NA,NA,NA,NA,1944.583,-13.05,-15.18,NA,NA
NA,NA,NA,NA,NA,1944.5,-15.36,-17.86,NA,NA
NA,NA,NA,NA,NA,1944.417,-21.25,-20.54,NA,NA
NA,NA,NA,NA,NA,1944.333,-23.75,-23.15,NA,NA
NA,NA,NA,NA,NA,1944.25,-23,-22.46,NA,NA
NA,NA,NA,NA,NA,1944.167,-18.38,-17.87,NA,NA
NA,NA,NA,NA,NA,1944.083,-16.81,-18.25,NA,NA
NA,NA,NA,NA,NA,1944,-18.19,-17.64,NA,NA
NA,NA,NA,NA,NA,1943.917,-15.59,-17.03,NA,NA
NA,NA,NA,NA,NA,1943.833,-13.16,-13.78,NA,NA
NA,NA,NA,NA,NA,1943.75,-13.41,-13.28,NA,NA
NA,NA,NA,NA,NA,1943.667,-12.52,-13.04,NA,NA
NA,NA,NA,NA,NA,1943.583,-12.12,-12.37,NA,NA
NA,NA,NA,NA,NA,1943.5,-11.64,-12.55,NA,NA
NA,NA,NA,NA,NA,1943.417,-17.67,-19.28,NA,NA
NA,NA,NA,NA,NA,1943.333,-21.93,-23.02,NA,NA
NA,NA,NA,NA,NA,1943.25,-19.33,-18.06,NA,NA
NA,NA,NA,NA,NA,1943.167,-17.71,-18.16,NA,NA
NA,NA,NA,NA,NA,1943.083,-18.49,-19.52,NA,NA
NA,NA,NA,NA,NA,1943,-17.99,-17.52,NA,NA
NA,NA,NA,NA,NA,1942.917,-19.12,-19.07,NA,NA
NA,NA,NA,NA,NA,1942.833,-17.83,-18.37,NA,NA
NA,NA,NA,NA,NA,1942.75,-17.49,-18.11,NA,NA
NA,NA,NA,NA,NA,1942.667,-15.98,-17.58,NA,NA
NA,NA,NA,NA,NA,1942.583,-13.34,-15.1,NA,NA
NA,NA,NA,NA,NA,1942.5,-16.17,-18.65,NA,NA
NA,NA,NA,NA,NA,1942.417,-21.99,-22.48,NA,NA
NA,NA,NA,NA,NA,1942.333,-23.95,-17.15,NA,NA
NA,NA,NA,NA,NA,1942.25,-25.16,-16.28,NA,NA
NA,NA,NA,NA,NA,1942.167,-26.99,-17.4,NA,NA
NA,NA,NA,NA,NA,1942.083,-25.49,-18.1,NA,NA
NA,NA,NA,NA,NA,1942,-22.52,-19.95,NA,NA
NA,NA,NA,NA,NA,1941.917,-19.61,-22.1,NA,NA
NA,NA,NA,NA,NA,1941.833,-14.18,-24.27,NA,NA
NA,NA,NA,NA,NA,1941.75,-13.77,-17.99,NA,NA
NA,NA,NA,NA,NA,1941.667,-10.71,-13.82,NA,NA
NA,NA,NA,NA,NA,1941.583,-10.24,-10.23,NA,NA
NA,NA,NA,NA,NA,1941.5,-14.9,-13.97,NA,NA
NA,NA,NA,NA,NA,1941.417,-21,-17.7,NA,NA
NA,NA,NA,NA,NA,1941.333,-21.5,-21.59,NA,NA
NA,NA,NA,NA,NA,1941.25,-20.26,-20.58,NA,NA
NA,NA,NA,NA,NA,1941.167,-15.55,-15.92,NA,NA
NA,NA,NA,NA,NA,1941.083,-16.86,-15.97,NA,NA
NA,NA,NA,NA,NA,1941,-15.25,-15.67,NA,NA
NA,NA,NA,NA,NA,1940.917,-16.46,-15.8,NA,NA
NA,NA,NA,NA,NA,1940.833,-15.15,-15.93,NA,NA
NA,NA,NA,NA,NA,1940.75,-13.64,-14.31,NA,NA
NA,NA,NA,NA,NA,1940.667,-11.87,-11.91,NA,NA
NA,NA,NA,NA,NA,1940.583,-9.41,-11.16,NA,NA
NA,NA,NA,NA,NA,1940.5,-10.44,-10.41,NA,NA
NA,NA,NA,NA,NA,1940.417,-13.55,-14.59,NA,NA
NA,NA,NA,NA,NA,1940.333,-16.44,-17.23,NA,NA
NA,NA,NA,NA,NA,1940.25,-21.11,-21.66,NA,NA
NA,NA,NA,NA,NA,1940.167,-22.71,-21.22,NA,NA
NA,NA,NA,NA,NA,1940.083,-20.55,-19.77,NA,NA
NA,NA,NA,NA,NA,1940,-20.05,-20.66,NA,NA
NA,NA,NA,NA,NA,1939.917,-21.83,-20.93,NA,NA
NA,NA,NA,NA,NA,1939.833,-19.23,-15.4,NA,NA
NA,NA,NA,NA,NA,1939.75,-14.5,-12.89,NA,NA
NA,NA,NA,NA,NA,1939.667,-12.15,-15.2,NA,NA
NA,NA,NA,NA,NA,1939.583,-13.48,-14.72,NA,NA
NA,NA,NA,NA,NA,1939.5,-14.14,-14.24,NA,NA
NA,NA,NA,NA,NA,1939.417,-13.13,-17.35,NA,NA
NA,NA,NA,NA,NA,1939.333,-15.68,-18.02,NA,NA
NA,NA,NA,NA,NA,1939.25,-17.72,-17.4,NA,NA
NA,NA,NA,NA,NA,1939.167,-18.37,-16.13,NA,NA
NA,NA,NA,NA,NA,1939.083,-16.09,-17.11,NA,NA
NA,NA,NA,NA,NA,1939,-15.62,-18.68,NA,NA
NA,NA,NA,NA,NA,1938.917,-15.56,-18.85,NA,NA
NA,NA,NA,NA,NA,1938.833,-16.49,-16.76,NA,NA
NA,NA,NA,NA,NA,1938.75,-16.7,-16.54,NA,NA
NA,NA,NA,NA,NA,1938.667,-15.41,-15.88,NA,NA
NA,NA,NA,NA,NA,1938.583,-14.45,-15.36,NA,NA
NA,NA,NA,NA,NA,1938.5,-12.88,-13.47,NA,NA
NA,NA,NA,NA,NA,1938.417,-13.99,-13.15,NA,NA
NA,NA,NA,NA,NA,1938.333,-18.14,-15.34,NA,NA
NA,NA,NA,NA,NA,1938.25,-24.52,-22.4,NA,NA
NA,NA,NA,NA,NA,1938.167,-28.14,-26.96,NA,NA
NA,NA,NA,NA,NA,1938.083,-24.06,-24.52,NA,NA
NA,NA,NA,NA,NA,1938,-13.53,-22.08,NA,NA
NA,NA,NA,NA,NA,1937.917,-14,-14.6,NA,NA
NA,NA,NA,NA,NA,1937.833,-18.18,-16.55,NA,NA
NA,NA,NA,NA,NA,1937.75,-18.15,-16.77,NA,NA
NA,NA,NA,NA,NA,1937.667,-12.56,-14.44,NA,NA
NA,NA,NA,NA,NA,1937.583,-13.42,-13.27,NA,NA
NA,NA,NA,NA,NA,1937.5,-11.47,-12.1,NA,NA
NA,NA,NA,NA,NA,1937.417,-12.43,-14.48,NA,NA
NA,NA,NA,NA,NA,1937.333,-19.31,-20.99,NA,NA
NA,NA,NA,NA,NA,1937.25,-20.16,-22.51,NA,NA
NA,NA,NA,NA,NA,1937.167,-22.13,-19.27,NA,NA
NA,NA,NA,NA,NA,1937.083,-18.54,-13.39,NA,NA
NA,NA,NA,NA,NA,1937,-13.35,-12.37,NA,NA
NA,NA,NA,NA,NA,1936.917,-12.4,-14.57,NA,NA
NA,NA,NA,NA,NA,1936.833,-15.97,-16.02,NA,NA
NA,NA,NA,NA,NA,1936.75,-15.97,-13.54,NA,NA
NA,NA,NA,NA,NA,1936.667,-13.47,-13.92,NA,NA
NA,NA,NA,NA,NA,1936.583,-12.47,-18.6,NA,NA
NA,NA,NA,NA,NA,1936.5,-16.47,-18.9,NA,NA
NA,NA,NA,NA,NA,1936.417,-19.81,-19.2,NA,NA
NA,NA,NA,NA,NA,1936.333,-20.81,-18.74,NA,NA
NA,NA,NA,NA,NA,1936.25,-19.6,-18.93,NA,NA
NA,NA,NA,NA,NA,1936.167,-17.69,-21.4,NA,NA
NA,NA,NA,NA,NA,1936.083,-16.77,-19.24,NA,NA
NA,NA,NA,NA,NA,1936,-17.02,-16.96,NA,NA
NA,NA,NA,NA,NA,1935.917,-17.39,-16.96,NA,NA
NA,NA,NA,NA,NA,1935.833,-14.48,-15.2,NA,NA
NA,NA,NA,NA,NA,1935.75,-10.25,-13.44,NA,NA
NA,NA,NA,NA,NA,1935.667,-9.42,-11.14,NA,NA
NA,NA,NA,NA,NA,1935.583,-8.81,-8.85,NA,NA
NA,NA,NA,NA,NA,1935.5,-11.33,-10.88,NA,NA
NA,NA,NA,NA,NA,1935.417,-13.88,-13.84,NA,NA
NA,NA,NA,NA,NA,1935.333,-14.72,-13.8,NA,NA
NA,NA,NA,NA,NA,1935.25,-13.57,-13.75,NA,NA
NA,NA,NA,NA,NA,1935.167,-12.52,-15.4,NA,NA
NA,NA,NA,NA,NA,1935.083,-16.17,-17.04,NA,NA
NA,NA,NA,NA,NA,1935,-17.03,-18.09,NA,NA
NA,NA,NA,NA,NA,1934.917,-18.27,-18.19,NA,NA
NA,NA,NA,NA,NA,1934.833,-17.93,-18.28,NA,NA
NA,NA,NA,NA,NA,1934.75,-16.55,-15.54,NA,NA
NA,NA,NA,NA,NA,1934.667,-14.07,-14.72,NA,NA
NA,NA,NA,NA,NA,1934.583,-12.77,-13.89,NA,NA
NA,NA,NA,NA,NA,1934.5,-12.58,-13.07,NA,NA
NA,NA,NA,NA,NA,1934.417,-14.7,-15.56,NA,NA
NA,NA,NA,NA,NA,1934.333,-20.79,-20.91,NA,NA
NA,NA,NA,NA,NA,1934.25,-20.74,-22.19,NA,NA
NA,NA,NA,NA,NA,1934.167,-18.63,-20.54,NA,NA
NA,NA,NA,NA,NA,1934.083,-17.47,-19.41,NA,NA
NA,NA,NA,NA,NA,1934,-15.81,-18.28,NA,NA
NA,NA,NA,NA,NA,1933.917,-14.1,-16.6,NA,NA
NA,NA,NA,NA,NA,1933.833,-13.82,-14.03,NA,NA
NA,NA,NA,NA,NA,1933.75,-13.97,-13.45,NA,NA
NA,NA,NA,NA,NA,1933.667,-14.49,-14.28,NA,NA
NA,NA,NA,NA,NA,1933.583,-14.31,-15.51,NA,NA
NA,NA,NA,NA,NA,1933.5,-18.01,-16.73,NA,NA
NA,NA,NA,NA,NA,1933.417,-22.94,-20.78,NA,NA
NA,NA,NA,NA,NA,1933.333,-25.17,-22.53,NA,NA
NA,NA,NA,NA,NA,1933.25,-24.05,-24.28,NA,NA
NA,NA,NA,NA,NA,1933.167,-22.74,-24.86,NA,NA
NA,NA,NA,NA,NA,1933.083,-21.76,-22.83,NA,NA
NA,NA,NA,NA,NA,1933,-20.9,-22.04,NA,NA
NA,NA,NA,NA,NA,1932.917,-18.3,-21.25,NA,NA
NA,NA,NA,NA,NA,1932.833,-16.84,-18.29,NA,NA
NA,NA,NA,NA,NA,1932.75,-13.58,-16.46,NA,NA
NA,NA,NA,NA,NA,1932.667,-10.65,-14.63,NA,NA
NA,NA,NA,NA,NA,1932.583,-13.17,-12.78,NA,NA
NA,NA,NA,NA,NA,1932.5,-12.67,-15.13,NA,NA
NA,NA,NA,NA,NA,1932.417,-13.27,-17.48,NA,NA
NA,NA,NA,NA,NA,1932.333,-19.94,-20.94,NA,NA
NA,NA,NA,NA,NA,1932.25,-24.45,-24.39,NA,NA
NA,NA,NA,NA,NA,1932.167,-26.11,-23.52,NA,NA
NA,NA,NA,NA,NA,1932.083,-26.02,-22.64,NA,NA
NA,NA,NA,NA,NA,1932,-26.26,-20.48,NA,NA
NA,NA,NA,NA,NA,1931.917,-24.51,-18.32,NA,NA
NA,NA,NA,NA,NA,1931.833,-21.99,-17.74,NA,NA
NA,NA,NA,NA,NA,1931.75,-19.56,-17.16,NA,NA
NA,NA,NA,NA,NA,1931.667,-18.15,-16.58,NA,NA
NA,NA,NA,NA,NA,1931.583,-17.7,-16.64,NA,NA
NA,NA,NA,NA,NA,1931.5,-18.23,-16.7,NA,NA
NA,NA,NA,NA,NA,1931.417,-18.53,-16.76,NA,NA
NA,NA,NA,NA,NA,1931.333,-17.64,-16.64,NA,NA
NA,NA,NA,NA,NA,1931.25,-17.22,-16.52,NA,NA
NA,NA,NA,NA,NA,1931.167,-16.66,-16.83,NA,NA
NA,NA,NA,NA,NA,1931.083,-16.1,-16.95,NA,NA
NA,NA,NA,NA,NA,1931,-15.94,-17.07,NA,NA
NA,NA,NA,NA,NA,1930.917,-15.51,-16.14,NA,NA
NA,NA,NA,NA,NA,1930.833,-15.79,-15.2,NA,NA
NA,NA,NA,NA,NA,1930.75,-18.07,-16.06,NA,NA
NA,NA,NA,NA,NA,1930.667,-15.09,-16.91,NA,NA
NA,NA,NA,NA,NA,1930.583,-9.99,-16.43,NA,NA
NA,NA,NA,NA,NA,1930.5,-11.19,-15.95,NA,NA
NA,NA,NA,NA,NA,1930.417,-16.38,-16.1,NA,NA
NA,NA,NA,NA,NA,1930.333,-18.64,-18.91,NA,NA
NA,NA,NA,NA,NA,1930.25,-19.69,-21.72,NA,NA
NA,NA,NA,NA,NA,1930.167,-21.59,-21.44,NA,NA
NA,NA,NA,NA,NA,1930.083,-21.09,-18.5,NA,NA
NA,NA,NA,NA,NA,1930,-18.89,-18.9,NA,NA
NA,NA,NA,NA,NA,1929.917,-18.13,-19.29,NA,NA
NA,NA,NA,NA,NA,1929.833,-17.91,-18.5,NA,NA
NA,NA,NA,NA,NA,1929.75,-19.5,-18.86,NA,NA
NA,NA,NA,NA,NA,1929.667,-19.87,-19.22,NA,NA
NA,NA,NA,NA,NA,1929.583,-20.29,-19.86,NA,NA
NA,NA,NA,NA,NA,1929.5,-20.18,-18.61,NA,NA
NA,NA,NA,NA,NA,1929.417,-19.32,-18.17,NA,NA
NA,NA,NA,NA,NA,1929.333,-18.15,-17.72,NA,NA
NA,NA,NA,NA,NA,1929.25,-17.1,-17.33,NA,NA
NA,NA,NA,NA,NA,1929.167,-16.51,-17.52,NA,NA
NA,NA,NA,NA,NA,1929.083,-16.66,-17.7,NA,NA
NA,NA,NA,NA,NA,1929,-21.08,-18.72,NA,NA
NA,NA,NA,NA,NA,1928.917,-20.59,-19.87,NA,NA
NA,NA,NA,NA,NA,1928.833,-18.02,-21.02,NA,NA
NA,NA,NA,NA,NA,1928.75,-13.71,-19.1,NA,NA
NA,NA,NA,NA,NA,1928.667,-12.09,-13.66,NA,NA
NA,NA,NA,NA,NA,1928.583,-10,-12.36,NA,NA
NA,NA,NA,NA,NA,1928.5,-11.11,-11.06,NA,NA
NA,NA,NA,NA,NA,1928.417,-13.76,-13.14,NA,NA
NA,NA,NA,NA,NA,1928.333,-16.77,-15.22,NA,NA
NA,NA,NA,NA,NA,1928.25,-18.4,-20.56,NA,NA
NA,NA,NA,NA,NA,1928.167,-20.78,-18.66,NA,NA
NA,NA,NA,NA,NA,1928.083,-20.52,-16.76,NA,NA
NA,NA,NA,NA,NA,1928,-16.51,-14.32,NA,NA
NA,NA,NA,NA,NA,1927.917,-12.83,-11.87,NA,NA
NA,NA,NA,NA,NA,1927.833,-11.81,-12.32,NA,NA
NA,NA,NA,NA,NA,1927.75,-11.69,-12.77,NA,NA
NA,NA,NA,NA,NA,1927.667,-12.7,-13.84,NA,NA
NA,NA,NA,NA,NA,1927.583,-11.7,-14.91,NA,NA
NA,NA,NA,NA,NA,1927.5,-11.47,-16.02,NA,NA
NA,NA,NA,NA,NA,1927.417,-17.34,-18.51,NA,NA
NA,NA,NA,NA,NA,1927.333,-19.57,-21.09,NA,NA
NA,NA,NA,NA,NA,1927.25,-21.17,-21.76,NA,NA
NA,NA,NA,NA,NA,1927.167,-18.26,-21.24,NA,NA
NA,NA,NA,NA,NA,1927.083,-16.3,-22.64,NA,NA
NA,NA,NA,NA,NA,1927,-14.95,-24.83,NA,NA
NA,NA,NA,NA,NA,1926.917,-15.26,-22.8,NA,NA
NA,NA,NA,NA,NA,1926.833,-16.07,-16.83,NA,NA
NA,NA,NA,NA,NA,1926.75,-14.2,-16.54,NA,NA
NA,NA,NA,NA,NA,1926.667,-12.01,-16.16,NA,NA
NA,NA,NA,NA,NA,1926.583,-9.76,-14.3,NA,NA
NA,NA,NA,NA,NA,1926.5,-10.24,-15.11,NA,NA
NA,NA,NA,NA,NA,1926.417,-17.66,-20.63,NA,NA
NA,NA,NA,NA,NA,1926.333,-21.05,-21.43,NA,NA
NA,NA,NA,NA,NA,1926.25,-20.63,-22.49,NA,NA
NA,NA,NA,NA,NA,1926.167,-21.43,-15.71,NA,NA
NA,NA,NA,NA,NA,1926.083,-26.82,-17.91,NA,NA
NA,NA,NA,NA,NA,1926,-21.94,-18.79,NA,NA
NA,NA,NA,NA,NA,1925.917,-15.13,-17,NA,NA
NA,NA,NA,NA,NA,1925.833,-13.6,-15.88,NA,NA
NA,NA,NA,NA,NA,1925.75,-14.36,-17.65,NA,NA
NA,NA,NA,NA,NA,1925.667,-14.3,-14.43,NA,NA
NA,NA,NA,NA,NA,1925.583,-14.24,-15.36,NA,NA
NA,NA,NA,NA,NA,1925.5,-11.53,-11.53,NA,NA
NA,NA,NA,NA,NA,1925.417,-10.46,-17.32,NA,NA
NA,NA,NA,NA,NA,1925.333,-16.2,-22.87,NA,NA
NA,NA,NA,NA,NA,1925.25,-22.26,-24.18,NA,NA
NA,NA,NA,NA,NA,1925.167,-24.35,-20.7,NA,NA
NA,NA,NA,NA,NA,1925.083,-23.35,-18.05,NA,NA
NA,NA,NA,NA,NA,1925,-18.11,-18.12,NA,NA
NA,NA,NA,NA,NA,1924.917,-13.06,-18.14,NA,NA
NA,NA,NA,NA,NA,1924.833,-14.14,-17.68,NA,NA
NA,NA,NA,NA,NA,1924.75,-16.84,-18.29,NA,NA
NA,NA,NA,NA,NA,1924.667,-16.9,-19.31,NA,NA
NA,NA,NA,NA,NA,1924.583,-12.1,-14.7,NA,NA
NA,NA,NA,NA,NA,1924.5,-14.54,-14.98,NA,NA
NA,NA,NA,NA,NA,1924.417,-18.66,-17.87,NA,NA
NA,NA,NA,NA,NA,1924.333,-18.43,-20.75,NA,NA
NA,NA,NA,NA,NA,1924.25,-18.23,-21.57,NA,NA
NA,NA,NA,NA,NA,1924.167,-17.65,-22.69,NA,NA
NA,NA,NA,NA,NA,1924.083,-20.81,-21.68,NA,NA
NA,NA,NA,NA,NA,1924,-21.05,-19.98,NA,NA
NA,NA,NA,NA,NA,1923.917,-18.92,-18.27,NA,NA
NA,NA,NA,NA,NA,1923.833,-16.28,-20.64,NA,NA
NA,NA,NA,NA,NA,1923.75,-21.03,-21.98,NA,NA
NA,NA,NA,NA,NA,1923.667,-19.22,-18.45,NA,NA
NA,NA,NA,NA,NA,1923.583,-9.77,-14.91,NA,NA
NA,NA,NA,NA,NA,1923.5,-8.08,-7.98,NA,NA
NA,NA,NA,NA,NA,1923.417,-12.99,-11.95,NA,NA
NA,NA,NA,NA,NA,1923.333,-18.25,-15.9,NA,NA
NA,NA,NA,NA,NA,1923.25,-18.29,-16.37,NA,NA
NA,NA,NA,NA,NA,1923.167,-18.42,-16.5,NA,NA
NA,NA,NA,NA,NA,1923.083,-22.04,-16.62,NA,NA
NA,NA,NA,NA,NA,1923,-17.68,-16.69,NA,NA
NA,NA,NA,NA,NA,1922.917,-16.19,-17.34,NA,NA
NA,NA,NA,NA,NA,1922.833,-16.84,-18.7,NA,NA
NA,NA,NA,NA,NA,1922.75,-15.13,-18.46,NA,NA
NA,NA,NA,NA,NA,1922.667,-19.61,-18.21,NA,NA
NA,NA,NA,NA,NA,1922.583,-14.8,-16.24,NA,NA
NA,NA,NA,NA,NA,1922.5,-17.4,-16.68,NA,NA
NA,NA,NA,NA,NA,1922.417,-23.4,-20.9,NA,NA
NA,NA,NA,NA,NA,1922.333,-24.24,-21.14,NA,NA
NA,NA,NA,NA,NA,1922.25,-24.45,-21.99,NA,NA
NA,NA,NA,NA,NA,1922.167,-25.22,-21.84,NA,NA
NA,NA,NA,NA,NA,1922.083,-26.68,-21.46,NA,NA
NA,NA,NA,NA,NA,1922,-24.88,-22.68,NA,NA
NA,NA,NA,NA,NA,1921.917,-21.51,-21.99,NA,NA
NA,NA,NA,NA,NA,1921.833,-19.76,-20.06,NA,NA
NA,NA,NA,NA,NA,1921.75,-17.74,-16.79,NA,NA
NA,NA,NA,NA,NA,1921.667,-19,-16.95,NA,NA
NA,NA,NA,NA,NA,1921.583,-14.48,-9.84,NA,NA
NA,NA,NA,NA,NA,1921.5,-11.24,-13.08,NA,NA
NA,NA,NA,NA,NA,1921.417,-17.25,-16.21,NA,NA
NA,NA,NA,NA,NA,1921.333,-22.91,-20.34,NA,NA
NA,NA,NA,NA,NA,1921.25,-21.45,-23.29,NA,NA
NA,NA,NA,NA,NA,1921.167,-15.62,-21.06,NA,NA
NA,NA,NA,NA,NA,1921.083,-17.35,-18.44,NA,NA
NA,NA,NA,NA,NA,1921,-19.98,-15.84,NA,NA
NA,NA,NA,NA,NA,1920.917,-19.69,-13.33,NA,NA
NA,NA,NA,NA,NA,1920.833,-19.88,-17.46,NA,NA
NA,NA,NA,NA,NA,1920.75,-19.97,-17.22,NA,NA
NA,NA,NA,NA,NA,1920.667,-20.82,-12.11,NA,NA
NA,NA,NA,NA,NA,1920.583,-15.58,-12.81,NA,NA
NA,NA,NA,NA,NA,1920.5,-11.52,-17.58,NA,NA
NA,NA,NA,NA,NA,1920.417,-14.23,-19.04,NA,NA
NA,NA,NA,NA,NA,1920.333,-19.38,-19.22,NA,NA
NA,NA,NA,NA,NA,1920.25,-19.17,-19.4,NA,NA
NA,NA,NA,NA,NA,1920.167,-18.57,-19.54,NA,NA
NA,NA,NA,NA,NA,1920.083,-18.47,-19.25,NA,NA
NA,NA,NA,NA,NA,1920,-18.81,-17.78,NA,NA
NA,NA,NA,NA,NA,1919.917,-18.09,-16.67,NA,NA
NA,NA,NA,NA,NA,1919.833,-23.6,-19.68,NA,NA
NA,NA,NA,NA,NA,1919.75,-26.09,-25.95,NA,NA
NA,NA,NA,NA,NA,1919.667,-20.66,-20.99,NA,NA
NA,NA,NA,NA,NA,1919.583,-13.09,-14.14,NA,NA
NA,NA,NA,NA,NA,1919.5,-18.29,-18.7,NA,NA
NA,NA,NA,NA,NA,1919.417,-24.23,-24.94,NA,NA
NA,NA,NA,NA,NA,1919.333,-24.82,-21.12,NA,NA
NA,NA,NA,NA,NA,1919.25,-20.47,-20.94,NA,NA
NA,NA,NA,NA,NA,1919.167,-21.19,-20.75,NA,NA
NA,NA,NA,NA,NA,1919.083,-19.46,-19.8,NA,NA
NA,NA,NA,NA,NA,1919,-18.88,-19.91,NA,NA
NA,NA,NA,NA,NA,1918.917,-19.2,-19.65,NA,NA
NA,NA,NA,NA,NA,1918.833,-18.03,-19.39,NA,NA
NA,NA,NA,NA,NA,1918.75,-14.06,-16.24,NA,NA
NA,NA,NA,NA,NA,1918.667,-14.97,-14.9,NA,NA
NA,NA,NA,NA,NA,1918.583,-12.23,-16.5,NA,NA
NA,NA,NA,NA,NA,1918.5,-20.49,-22.49,NA,NA
NA,NA,NA,NA,NA,1918.417,-20.37,-24.78,NA,NA
NA,NA,NA,NA,NA,1918.333,-26.63,-28.13,NA,NA
NA,NA,NA,NA,NA,1918.25,-27.07,-25.26,NA,NA
NA,NA,NA,NA,NA,1918.167,-19.56,-21.44,NA,NA
NA,NA,NA,NA,NA,1918.083,-17.88,-17.62,NA,NA
NA,NA,NA,NA,NA,1918,-15.4,-16.76,NA,NA
NA,NA,NA,NA,NA,1917.917,-16.67,-18.63,NA,NA
NA,NA,NA,NA,NA,1917.833,-16.81,-17.71,NA,NA
NA,NA,NA,NA,NA,1917.75,-17.85,-17.39,NA,NA
NA,NA,NA,NA,NA,1917.667,-20.31,-15.59,NA,NA
NA,NA,NA,NA,NA,1917.583,-17.57,-14.66,NA,NA
NA,NA,NA,NA,NA,1917.5,-12.17,-13.31,NA,NA
NA,NA,NA,NA,NA,1917.417,-19.36,-14.87,NA,NA
NA,NA,NA,NA,NA,1917.333,-22.46,-20.95,NA,NA
NA,NA,NA,NA,NA,1917.25,-23.67,-23.69,NA,NA
NA,NA,NA,NA,NA,1917.167,-17.11,-21.42,NA,NA
NA,NA,NA,NA,NA,1917.083,-15.22,-18.71,NA,NA
NA,NA,NA,NA,NA,1917,-14.5,-16.68,NA,NA
NA,NA,NA,NA,NA,1916.917,-17.65,-17.63,NA,NA
NA,NA,NA,NA,NA,1916.833,-24.03,-22.16,NA,NA
NA,NA,NA,NA,NA,1916.75,-24.3,-23,NA,NA
NA,NA,NA,NA,NA,1916.667,-20.69,-20.47,NA,NA
NA,NA,NA,NA,NA,1916.583,-16.36,-15.29,NA,NA
NA,NA,NA,NA,NA,1916.5,-13.51,-18.28,NA,NA
NA,NA,NA,NA,NA,1916.417,-20.36,-18.47,NA,NA
NA,NA,NA,NA,NA,1916.333,-17.87,-17.72,NA,NA
NA,NA,NA,NA,NA,1916.25,-16.01,-17.29,NA,NA
NA,NA,NA,NA,NA,1916.167,-17.75,-17.84,NA,NA
NA,NA,NA,NA,NA,1916.083,-17.8,-24.54,NA,NA
NA,NA,NA,NA,NA,1916,-18.16,-17.82,NA,NA
NA,NA,NA,NA,NA,1915.917,-19.78,-16.72,NA,NA
NA,NA,NA,NA,NA,1915.833,-15.45,-17.21,NA,NA
NA,NA,NA,NA,NA,1915.75,-17.39,-17.35,NA,NA
NA,NA,NA,NA,NA,1915.667,-14.91,-14.66,NA,NA
NA,NA,NA,NA,NA,1915.583,-16.18,-16.99,NA,NA
NA,NA,NA,NA,NA,1915.5,-13.56,-15.72,NA,NA
NA,NA,NA,NA,NA,1915.417,-12.39,-17.04,NA,NA
NA,NA,NA,NA,NA,1915.333,-20.04,-14.79,NA,NA
NA,NA,NA,NA,NA,1915.25,-23.12,-16.16,NA,NA
NA,NA,NA,NA,NA,1915.167,-23.67,-17.88,NA,NA
NA,NA,NA,NA,NA,1915.083,-23.28,-23.72,NA,NA
NA,NA,NA,NA,NA,1915,-19.71,-22.6,NA,NA
NA,NA,NA,NA,NA,1914.917,-20.64,-20.68,NA,NA
NA,NA,NA,NA,NA,1914.833,-19.71,-20.35,NA,NA
NA,NA,NA,NA,NA,1914.75,-17.77,-16.22,NA,NA
NA,NA,NA,NA,NA,1914.667,-14.73,-12.54,NA,NA
NA,NA,NA,NA,NA,1914.583,-12.02,-11.77,NA,NA
NA,NA,NA,NA,NA,1914.5,-10.79,-12.42,NA,NA
NA,NA,NA,NA,NA,1914.417,-18.77,-13.07,NA,NA
NA,NA,NA,NA,NA,1914.333,-23.43,-24.09,NA,NA
NA,NA,NA,NA,NA,1914.25,-19.43,-23.57,NA,NA
NA,NA,NA,NA,NA,1914.167,-15.9,-20.44,NA,NA
NA,NA,NA,NA,NA,1914.083,-15.36,-17.19,NA,NA
NA,NA,NA,NA,NA,1914,-16.17,-17.24,NA,NA
NA,NA,NA,NA,NA,1913.917,-14.7,-15.81,NA,NA
NA,NA,NA,NA,NA,1913.833,-14.31,-16.49,NA,NA
NA,NA,NA,NA,NA,1913.75,-12.65,-15.06,NA,NA
NA,NA,NA,NA,NA,1913.667,-11.85,-13.81,NA,NA
NA,NA,NA,NA,NA,1913.583,-14.12,-16.22,NA,NA
NA,NA,NA,NA,NA,1913.5,-17.95,-16.64,NA,NA
NA,NA,NA,NA,NA,1913.417,-20.11,-16.94,NA,NA
NA,NA,NA,NA,NA,1913.333,-22.47,-22.06,NA,NA
NA,NA,NA,NA,NA,1913.25,-21.9,-22.68,NA,NA
NA,NA,NA,NA,NA,1913.167,-19.44,-21.5,NA,NA
NA,NA,NA,NA,NA,1913.083,-18.34,-20.32,NA,NA
NA,NA,NA,NA,NA,1913,-18.35,-19.31,NA,NA
NA,NA,NA,NA,NA,1912.917,-18.05,-17.13,NA,NA
NA,NA,NA,NA,NA,1912.833,-20.86,-18.98,NA,NA
NA,NA,NA,NA,NA,1912.75,-18.48,-16.05,NA,NA
NA,NA,NA,NA,NA,1912.667,-14.59,-13.97,NA,NA
NA,NA,NA,NA,NA,1912.583,-9.33,-11.89,NA,NA
NA,NA,NA,NA,NA,1912.5,-9.81,-15.05,NA,NA
NA,NA,NA,NA,NA,1912.417,-17.47,-17.22,NA,NA
NA,NA,NA,NA,NA,1912.333,-23.3,-16.83,NA,NA
NA,NA,NA,NA,NA,1912.25,-23.68,-16.3,NA,NA
NA,NA,NA,NA,NA,1912.167,-22.52,-18.82,NA,NA
NA,NA,NA,NA,NA,1912.083,-16.45,-20.44,NA,NA
NA,NA,NA,NA,NA,1912,-14.59,-16.15,NA,NA
NA,NA,NA,NA,NA,1911.917,-13.92,-15.64,NA,NA
NA,NA,NA,NA,NA,1911.833,-15.09,-15.12,NA,NA
NA,NA,NA,NA,NA,1911.75,-19.07,-15.53,NA,NA
NA,NA,NA,NA,NA,1911.667,-18.48,-14.53,NA,NA
NA,NA,NA,NA,NA,1911.583,-18.29,-12.67,NA,NA
NA,NA,NA,NA,NA,1911.5,-17.38,-16.12,NA,NA
NA,NA,NA,NA,NA,1911.417,-19.56,-19.04,NA,NA
NA,NA,NA,NA,NA,1911.333,-23.72,-18.52,NA,NA
NA,NA,NA,NA,NA,1911.25,-23.84,-21.46,NA,NA
NA,NA,NA,NA,NA,1911.167,-23.76,-23.42,NA,NA
NA,NA,NA,NA,NA,1911.083,-16.45,-18.61,NA,NA
NA,NA,NA,NA,NA,1911,-16.04,-17.97,NA,NA
NA,NA,NA,NA,NA,1910.917,-16.32,-18.21,NA,NA
NA,NA,NA,NA,NA,1910.833,-15.51,-17.53,NA,NA
NA,NA,NA,NA,NA,1910.75,-16.25,-16.93,NA,NA
NA,NA,NA,NA,NA,1910.667,-15.17,-17.25,NA,NA
NA,NA,NA,NA,NA,1910.583,-14.73,-15.84,NA,NA
NA,NA,NA,NA,NA,1910.5,-14.68,-16.22,NA,NA
NA,NA,NA,NA,NA,1910.417,-14.54,-15.67,NA,NA
NA,NA,NA,NA,NA,1910.333,-16.03,-15.4,NA,NA
NA,NA,NA,NA,NA,1910.25,-19.25,-16.83,NA,NA
NA,NA,NA,NA,NA,1910.167,-21.1,-22.99,NA,NA
NA,NA,NA,NA,NA,1910.083,-21.47,-23.57,NA,NA
NA,NA,NA,NA,NA,1910,-21.85,-20.33,NA,NA
NA,NA,NA,NA,NA,1909.917,-19.89,-18.89,NA,NA
NA,NA,NA,NA,NA,1909.833,-17.87,-22.02,NA,NA
NA,NA,NA,NA,NA,1909.75,-21.21,-18.88,NA,NA
NA,NA,NA,NA,NA,1909.667,-19.42,-17.31,NA,NA
NA,NA,NA,NA,NA,1909.583,-15.38,-14.79,NA,NA
NA,NA,NA,NA,NA,1909.5,-14.78,-16.15,NA,NA
NA,NA,NA,NA,NA,1909.417,-17.01,-17.51,NA,NA
NA,NA,NA,NA,NA,1909.333,-16.75,-16.31,NA,NA
NA,NA,NA,NA,NA,1909.25,-17.01,-14.9,NA,NA
NA,NA,NA,NA,NA,1909.167,-16.12,-14.43,NA,NA
NA,NA,NA,NA,NA,1909.083,-15.11,-13.33,NA,NA
NA,NA,NA,NA,NA,1909,-14.92,-15.08,NA,NA
NA,NA,NA,NA,NA,1908.917,-15.3,-20.44,NA,NA
NA,NA,NA,NA,NA,1908.833,-20.52,-18.6,NA,NA
NA,NA,NA,NA,NA,1908.75,-16.42,-16.76,NA,NA
NA,NA,NA,NA,NA,1908.667,-14.18,-11.71,NA,NA
NA,NA,NA,NA,NA,1908.583,-11.96,-11.23,NA,NA
NA,NA,NA,NA,NA,1908.5,-13.2,-13.48,NA,NA
NA,NA,NA,NA,NA,1908.417,-25.54,-16.7,NA,NA
NA,NA,NA,NA,NA,1908.333,-21.85,-20.27,NA,NA
NA,NA,NA,NA,NA,1908.25,-20.91,-19.57,NA,NA
NA,NA,NA,NA,NA,1908.167,-18.92,-22.61,NA,NA
NA,NA,NA,NA,NA,1908.083,-19.45,-29.31,NA,NA
NA,NA,NA,NA,NA,1908,-21.72,-23.08,NA,NA
NA,NA,NA,NA,NA,1907.917,-19.97,-21.51,NA,NA
NA,NA,NA,NA,NA,1907.833,-16.95,-20.27,NA,NA
NA,NA,NA,NA,NA,1907.75,-19.76,-15.95,NA,NA
NA,NA,NA,NA,NA,1907.667,-15.57,-16.42,NA,NA
NA,NA,NA,NA,NA,1907.583,-12.67,-11.97,NA,NA
NA,NA,NA,NA,NA,1907.5,-17.67,-12.8,NA,NA
NA,NA,NA,NA,NA,1907.417,-21.27,-19.46,NA,NA
NA,NA,NA,NA,NA,1907.333,-27.78,-26.57,NA,NA
NA,NA,NA,NA,NA,1907.25,-25.65,-27.24,NA,NA
NA,NA,NA,NA,NA,1907.167,-25.03,-21.11,NA,NA
NA,NA,NA,NA,NA,1907.083,-24.29,-23.17,NA,NA
NA,NA,NA,NA,NA,1907,-17.75,-20.86,NA,NA
NA,NA,NA,NA,NA,1906.917,-18.03,-18.32,NA,NA
NA,NA,NA,NA,NA,1906.833,-17.3,-19.71,NA,NA
NA,NA,NA,NA,NA,1906.75,-20.03,-21.71,NA,NA
NA,NA,NA,NA,NA,1906.667,-21.9,-19.97,NA,NA
NA,NA,NA,NA,NA,1906.583,-22.22,-12.57,NA,NA
NA,NA,NA,NA,NA,1906.5,-14.16,-16.66,NA,NA
NA,NA,NA,NA,NA,1906.417,-9.81,-21.73,NA,NA
NA,NA,NA,NA,NA,1906.333,-16.45,-22.2,NA,NA
NA,NA,NA,NA,NA,1906.25,-20.67,-22.67,NA,NA
NA,NA,NA,NA,NA,1906.167,-21.55,-20.67,NA,NA
NA,NA,NA,NA,NA,1906.083,-22.84,-18.74,NA,NA
NA,NA,NA,NA,NA,1906,-20.53,-21.08,NA,NA
NA,NA,NA,NA,NA,1905.917,-17.71,-19.4,NA,NA
NA,NA,NA,NA,NA,1905.833,-17.68,-20.72,NA,NA
NA,NA,NA,NA,NA,1905.75,-18.24,-18.67,NA,NA
NA,NA,NA,NA,NA,1905.667,-17.08,-16.61,NA,NA
NA,NA,NA,NA,NA,1905.583,-16.87,-12.3,NA,NA
NA,NA,NA,NA,NA,1905.5,-15.21,-13.65,NA,NA
NA,NA,NA,NA,NA,1905.417,-25.3,-15,NA,NA
NA,NA,NA,NA,NA,1905.333,-18.1,-24.27,NA,NA
NA,NA,NA,NA,NA,1905.25,-24.35,-24.17,NA,NA
NA,NA,NA,NA,NA,1905.167,-22.61,-24.07,NA,NA
NA,NA,NA,NA,NA,1905.083,-20.87,-22.61,NA,NA
NA,NA,NA,NA,NA,1905,-17.26,-21.15,NA,NA
NA,NA,NA,NA,NA,1904.917,-14.35,-18.28,NA,NA
NA,NA,NA,NA,NA,1904.833,-13.76,-15.41,NA,NA
NA,NA,NA,NA,NA,1904.75,-14.62,-14.18,NA,NA
NA,NA,NA,NA,NA,1904.667,-12.98,-12.98,NA,NA
NA,NA,NA,NA,NA,1904.583,-11.33,-11.78,NA,NA
NA,NA,NA,NA,NA,1904.5,-12.76,-14.78,NA,NA
NA,NA,NA,NA,NA,1904.417,-16.85,-16.48,NA,NA
NA,NA,NA,NA,NA,1904.333,-16.36,-18.17,NA,NA
NA,NA,NA,NA,NA,1904.25,-13.87,-16.37,NA,NA
NA,NA,NA,NA,NA,1904.167,-13.93,-12.91,NA,NA
NA,NA,NA,NA,NA,1904.083,-13.34,-12.73,NA,NA
NA,NA,NA,NA,NA,1904,-12.11,-12.54,NA,NA
NA,NA,NA,NA,NA,1903.917,-14.62,-17.7,NA,NA
NA,NA,NA,NA,NA,1903.833,-19.76,-14.43,NA,NA
NA,NA,NA,NA,NA,1903.75,-16.47,-12.75,NA,NA
NA,NA,NA,NA,NA,1903.667,-12.1,-11.07,NA,NA
NA,NA,NA,NA,NA,1903.583,-12.19,-12.45,NA,NA
NA,NA,NA,NA,NA,1903.5,-14.05,-11.47,NA,NA
NA,NA,NA,NA,NA,1903.417,-16.41,-12.46,NA,NA
NA,NA,NA,NA,NA,1903.333,-15.35,-13.61,NA,NA
NA,NA,NA,NA,NA,1903.25,-20.77,-14.75,NA,NA
NA,NA,NA,NA,NA,1903.167,-22.39,-12.98,NA,NA
NA,NA,NA,NA,NA,1903.083,-19.53,-12.55,NA,NA
NA,NA,NA,NA,NA,1903,-12.37,-12.11,NA,NA
NA,NA,NA,NA,NA,1902.917,-12.68,-12.49,NA,NA
NA,NA,NA,NA,NA,1902.833,-15.02,-12.87,NA,NA
NA,NA,NA,NA,NA,1902.75,-14.44,-13.16,NA,NA
NA,NA,NA,NA,NA,1902.667,-13.04,-12.76,NA,NA
NA,NA,NA,NA,NA,1902.583,-13.72,-12.35,NA,NA
NA,NA,NA,NA,NA,1902.5,-15.47,-14.72,NA,NA
NA,NA,NA,NA,NA,1902.417,-22.3,-18.63,NA,NA
NA,NA,NA,NA,NA,1902.333,-27.15,-22.54,NA,NA
NA,NA,NA,NA,NA,1902.25,-26.52,-23.71,NA,NA
NA,NA,NA,NA,NA,1902.167,-24.2,-24.88,NA,NA
NA,NA,NA,NA,NA,1902.083,-25.94,-24.6,NA,NA
NA,NA,NA,NA,NA,1902,-24.23,-24.32,NA,NA
NA,NA,NA,NA,NA,1901.917,-18.61,-21.56,NA,NA
NA,NA,NA,NA,NA,1901.833,-18.9,-18.46,NA,NA
NA,NA,NA,NA,NA,1901.75,-18.11,-17.99,NA,NA
NA,NA,NA,NA,NA,1901.667,-17.61,-17.51,NA,NA
NA,NA,NA,NA,NA,1901.583,-15.31,-16.73,NA,NA
NA,NA,NA,NA,NA,1901.5,-10.49,-12.58,NA,NA
NA,NA,NA,NA,NA,1901.417,-12.06,-18.72,NA,NA
NA,NA,NA,NA,NA,1901.333,-17.8,-21.75,NA,NA
NA,NA,NA,NA,NA,1901.25,-19.38,-18.07,NA,NA
NA,NA,NA,NA,NA,1901.167,-16.99,-17.31,NA,NA
NA,NA,NA,NA,NA,1901.083,-16.18,-16.55,NA,NA
NA,NA,NA,NA,NA,1901,-15.1,-14.45,NA,NA
NA,NA,NA,NA,NA,1900.917,-14.25,-16.65,NA,NA
NA,NA,NA,NA,NA,1900.833,-14.8,-18.86,NA,NA
NA,NA,NA,NA,NA,1900.75,-15.85,-18.04,NA,NA
NA,NA,NA,NA,NA,1900.667,-15.9,-17.21,NA,NA
NA,NA,NA,NA,NA,1900.583,-14.19,-15.16,NA,NA
NA,NA,NA,NA,NA,1900.5,-12.75,-15.57,NA,NA
NA,NA,NA,NA,NA,1900.417,-23.43,-13.29,NA,NA
NA,NA,NA,NA,NA,1900.333,-27.11,-20.06,NA,NA
NA,NA,NA,NA,NA,1900.25,-26.66,-24.16,NA,NA
NA,NA,NA,NA,NA,1900.167,-20.79,-26.33,NA,NA
NA,NA,NA,NA,NA,1900.083,-23.76,-23.24,NA,NA
NA,NA,NA,NA,NA,1900,-21,-18.27,NA,NA
NA,NA,NA,NA,NA,1899.917,-17.83,-16.63,NA,NA
NA,NA,NA,NA,NA,1899.833,-17.09,-15.59,NA,NA
NA,NA,NA,NA,NA,1899.75,-16.01,-17.5,NA,NA
NA,NA,NA,NA,NA,1899.667,-15.43,-13.93,NA,NA
NA,NA,NA,NA,NA,1899.583,-11.5,-11.39,NA,NA
NA,NA,NA,NA,NA,1899.5,-11.18,-15.81,NA,NA
NA,NA,NA,NA,NA,1899.417,-16.18,-16.04,NA,NA
NA,NA,NA,NA,NA,1899.333,-17.41,-16.89,NA,NA
NA,NA,NA,NA,NA,1899.25,-17.33,-19.06,NA,NA
NA,NA,NA,NA,NA,1899.167,-16.6,-23.03,NA,NA
NA,NA,NA,NA,NA,1899.083,-17.11,-23.86,NA,NA
NA,NA,NA,NA,NA,1899,-17.93,-18.66,NA,NA
NA,NA,NA,NA,NA,1898.917,-24.25,-17.38,NA,NA
NA,NA,NA,NA,NA,1898.833,-18.43,-15.39,NA,NA
NA,NA,NA,NA,NA,1898.75,-16.82,-14.68,NA,NA
NA,NA,NA,NA,NA,1898.667,-15.97,-15.45,NA,NA
NA,NA,NA,NA,NA,1898.583,-13.56,-10.6,NA,NA
NA,NA,NA,NA,NA,1898.5,-15.26,-9.69,NA,NA
NA,NA,NA,NA,NA,1898.417,-15.41,-11.93,NA,NA
NA,NA,NA,NA,NA,1898.333,-14.99,-17.95,NA,NA
NA,NA,NA,NA,NA,1898.25,-18.58,-19.03,NA,NA
NA,NA,NA,NA,NA,1898.167,-18.71,-19.69,NA,NA
NA,NA,NA,NA,NA,1898.083,-18.68,-20.34,NA,NA
NA,NA,NA,NA,NA,1898,-17.89,-19.03,NA,NA
NA,NA,NA,NA,NA,1897.917,-15.94,-15.58,NA,NA
NA,NA,NA,NA,NA,1897.833,-17.19,-16.96,NA,NA
NA,NA,NA,NA,NA,1897.75,-17.74,-16.93,NA,NA
NA,NA,NA,NA,NA,1897.667,-18.18,-10.87,NA,NA
NA,NA,NA,NA,NA,1897.583,-16.97,-13.29,NA,NA
NA,NA,NA,NA,NA,1897.5,-19.72,-19.62,NA,NA
NA,NA,NA,NA,NA,1897.417,-25.34,-21.39,NA,NA
NA,NA,NA,NA,NA,1897.333,-25.54,-25.16,NA,NA
NA,NA,NA,NA,NA,1897.25,-25.9,-27.53,NA,NA
NA,NA,NA,NA,NA,1897.167,-27.09,-26.66,NA,NA
NA,NA,NA,NA,NA,1897.083,-26.6,-25.78,NA,NA
NA,NA,NA,NA,NA,1897,-25.92,-26.2,NA,NA
NA,NA,NA,NA,NA,1896.917,-24.83,-25.47,NA,NA
NA,NA,NA,NA,NA,1896.833,-24.57,-20.14,NA,NA
NA,NA,NA,NA,NA,1896.75,-21.52,-10.3,NA,NA
NA,NA,NA,NA,NA,1896.667,-12.45,-9.36,NA,NA
NA,NA,NA,NA,NA,1896.583,-14.12,-7.91,NA,NA
NA,NA,NA,NA,NA,1896.5,-13.26,-16.71,NA,NA
NA,NA,NA,NA,NA,1896.417,-21.21,-24.71,NA,NA
NA,NA,NA,NA,NA,1896.333,-25.8,-21.16,NA,NA
NA,NA,NA,NA,NA,1896.25,-23.04,-20.44,NA,NA
NA,NA,NA,NA,NA,1896.167,-19.72,-20.4,NA,NA
NA,NA,NA,NA,NA,1896.083,-19.8,-19.64,NA,NA
NA,NA,NA,NA,NA,1896,-19.49,-22.29,NA,NA
NA,NA,NA,NA,NA,1895.917,-20.93,-17.85,NA,NA
NA,NA,NA,NA,NA,1895.833,-21.29,-17.11,NA,NA
NA,NA,NA,NA,NA,1895.75,-19.4,-17.03,NA,NA
NA,NA,NA,NA,NA,1895.667,-18.32,-14.71,NA,NA
NA,NA,NA,NA,NA,1895.583,-17,-13.61,NA,NA
NA,NA,NA,NA,NA,1895.5,-16.47,-15.87,NA,NA
NA,NA,NA,NA,NA,1895.417,-17.6,-15.47,NA,NA
NA,NA,NA,NA,NA,1895.333,-14.9,-15.06,NA,NA
NA,NA,NA,NA,NA,1895.25,-14.95,-14.43,NA,NA
NA,NA,NA,NA,NA,1895.167,-15.95,-15.65,NA,NA
NA,NA,NA,NA,NA,1895.083,-16.2,-17.65,NA,NA
NA,NA,NA,NA,NA,1895,-19.28,-18.62,NA,NA
NA,NA,NA,NA,NA,1894.917,-19.71,-19.58,NA,NA
NA,NA,NA,NA,NA,1894.833,-18.44,-18.17,NA,NA
NA,NA,NA,NA,NA,1894.75,-17.45,-14.04,NA,NA
NA,NA,NA,NA,NA,1894.667,-13.26,-13.17,NA,NA
NA,NA,NA,NA,NA,1894.583,-16.52,-12.3,NA,NA
NA,NA,NA,NA,NA,1894.5,-17.84,-18.37,NA,NA
NA,NA,NA,NA,NA,1894.417,-18.72,-17.89,NA,NA
NA,NA,NA,NA,NA,1894.333,-18.27,-17.4,NA,NA
NA,NA,NA,NA,NA,1894.25,-18.22,-17.45,NA,NA
NA,NA,NA,NA,NA,1894.167,-17.87,-17.81,NA,NA
NA,NA,NA,NA,NA,1894.083,-20.47,-19.38,NA,NA
NA,NA,NA,NA,NA,1894,-22.88,-23.15,NA,NA
NA,NA,NA,NA,NA,1893.917,-21.35,-24.99,NA,NA
NA,NA,NA,NA,NA,1893.833,-22.78,-20.75,NA,NA
NA,NA,NA,NA,NA,1893.75,-24.15,-16.04,NA,NA
NA,NA,NA,NA,NA,1893.667,-22.58,-19,NA,NA
NA,NA,NA,NA,NA,1893.583,-18.01,-13.66,NA,NA
NA,NA,NA,NA,NA,1893.5,-15.83,-13.81,NA,NA
